Copyright 1986-2018 Xilinx, Inc. All Rights Reserved.
--------------------------------------------------------------------------------------------------------------------------------------------------------------------------------------------------------------------------------------------------------------
| Tool Version : Vivado v.2018.2 (win64) Build 2258646 Thu Jun 14 20:03:12 MDT 2018
| Date         : Tue Oct  6 17:15:51 2026
| Host         : Frederiks-PC running 64-bit major release  (build 9200)
| Command      : report_timing_summary -max_paths 10 -file Zynq_interrupt_system_wrapper_timing_summary_routed.rpt -pb Zynq_interrupt_system_wrapper_timing_summary_routed.pb -rpx Zynq_interrupt_system_wrapper_timing_summary_routed.rpx -warn_on_violation
| Design       : Zynq_interrupt_system_wrapper
| Device       : 7z010-clg400
| Speed File   : -1  PRODUCTION 1.11 2014-09-11
--------------------------------------------------------------------------------------------------------------------------------------------------------------------------------------------------------------------------------------------------------------

Timing Summary Report

------------------------------------------------------------------------------------------------
| Timer Settings
| --------------
------------------------------------------------------------------------------------------------

  Enable Multi Corner Analysis               :  Yes
  Enable Pessimism Removal                   :  Yes
  Pessimism Removal Resolution               :  Nearest Common Node
  Enable Input Delay Default Clock           :  No
  Enable Preset / Clear Arcs                 :  No
  Disable Flight Delays                      :  No
  Ignore I/O Paths                           :  No
  Timing Early Launch at Borrowing Latches   :  false

  Corner  Analyze    Analyze    
  Name    Max Paths  Min Paths  
  ------  ---------  ---------  
  Slow    Yes        Yes        
  Fast    Yes        Yes        



check_timing report

Table of Contents
-----------------
1. checking no_clock
2. checking constant_clock
3. checking pulse_width_clock
4. checking unconstrained_internal_endpoints
5. checking no_input_delay
6. checking no_output_delay
7. checking multiple_clock
8. checking generated_clocks
9. checking loops
10. checking partial_input_delay
11. checking partial_output_delay
12. checking latch_loops

1. checking no_clock
--------------------
 There are 0 register/latch pins with no clock.


2. checking constant_clock
--------------------------
 There are 0 register/latch pins with constant_clock.


3. checking pulse_width_clock
-----------------------------
 There are 0 register/latch pins which need pulse_width check


4. checking unconstrained_internal_endpoints
--------------------------------------------
 There are 0 pins that are not constrained for maximum delay.

 There are 0 pins that are not constrained for maximum delay due to constant clock.


5. checking no_input_delay
--------------------------
 There are 8 input ports with no input delay specified. (HIGH)

 There are 0 input ports with no input delay but user has a false path constraint.


6. checking no_output_delay
---------------------------
 There are 4 ports with no output delay specified. (HIGH)

 There are 0 ports with no output delay but user has a false path constraint

 There are 0 ports with no output delay but with a timing clock defined on it or propagating through it


7. checking multiple_clock
--------------------------
 There are 0 register/latch pins with multiple clocks.


8. checking generated_clocks
----------------------------
 There are 0 generated clocks that are not connected to a clock source.


9. checking loops
-----------------
 There are 0 combinational loops in the design.


10. checking partial_input_delay
--------------------------------
 There are 0 input ports with partial input delay specified.


11. checking partial_output_delay
---------------------------------
 There are 0 ports with partial output delay specified.


12. checking latch_loops
------------------------
 There are 0 combinational latch loops in the design through latch input



------------------------------------------------------------------------------------------------
| Design Timing Summary
| ---------------------
------------------------------------------------------------------------------------------------

    WNS(ns)      TNS(ns)  TNS Failing Endpoints  TNS Total Endpoints      WHS(ns)      THS(ns)  THS Failing Endpoints  THS Total Endpoints     WPWS(ns)     TPWS(ns)  TPWS Failing Endpoints  TPWS Total Endpoints  
    -------      -------  ---------------------  -------------------      -------      -------  ---------------------  -------------------     --------     --------  ----------------------  --------------------  
      3.260        0.000                      0                 2773        0.025        0.000                      0                 2773        4.020        0.000                       0                  1308  


All user specified timing constraints are met.


------------------------------------------------------------------------------------------------
| Clock Summary
| -------------
------------------------------------------------------------------------------------------------

Clock       Waveform(ns)       Period(ns)      Frequency(MHz)
-----       ------------       ----------      --------------
clk_fpga_0  {0.000 5.000}      10.000          100.000         


------------------------------------------------------------------------------------------------
| Intra Clock Table
| -----------------
------------------------------------------------------------------------------------------------

Clock             WNS(ns)      TNS(ns)  TNS Failing Endpoints  TNS Total Endpoints      WHS(ns)      THS(ns)  THS Failing Endpoints  THS Total Endpoints     WPWS(ns)     TPWS(ns)  TPWS Failing Endpoints  TPWS Total Endpoints  
-----             -------      -------  ---------------------  -------------------      -------      -------  ---------------------  -------------------     --------     --------  ----------------------  --------------------  
clk_fpga_0          3.260        0.000                      0                 2773        0.025        0.000                      0                 2773        4.020        0.000                       0                  1308  


------------------------------------------------------------------------------------------------
| Inter Clock Table
| -----------------
------------------------------------------------------------------------------------------------

From Clock    To Clock          WNS(ns)      TNS(ns)  TNS Failing Endpoints  TNS Total Endpoints      WHS(ns)      THS(ns)  THS Failing Endpoints  THS Total Endpoints  
----------    --------          -------      -------  ---------------------  -------------------      -------      -------  ---------------------  -------------------  


------------------------------------------------------------------------------------------------
| Other Path Groups Table
| -----------------------
------------------------------------------------------------------------------------------------

Path Group    From Clock    To Clock          WNS(ns)      TNS(ns)  TNS Failing Endpoints  TNS Total Endpoints      WHS(ns)      THS(ns)  THS Failing Endpoints  THS Total Endpoints  
----------    ----------    --------          -------      -------  ---------------------  -------------------      -------      -------  ---------------------  -------------------  


------------------------------------------------------------------------------------------------
| Timing Details
| --------------
------------------------------------------------------------------------------------------------


---------------------------------------------------------------------------------------------------
From Clock:  clk_fpga_0
  To Clock:  clk_fpga_0

Setup :            0  Failing Endpoints,  Worst Slack        3.260ns,  Total Violation        0.000ns
Hold  :            0  Failing Endpoints,  Worst Slack        0.025ns,  Total Violation        0.000ns
PW    :            0  Failing Endpoints,  Worst Slack        4.020ns,  Total Violation        0.000ns
---------------------------------------------------------------------------------------------------


Max Delay Paths
--------------------------------------------------------------------------------------
Slack (MET) :             3.260ns  (required time - arrival time)
  Source:                 Zynq_interrupt_system_i/axi_timer_0/U0/AXI4_LITE_I/I_SLAVE_ATTACHMENT/I_DECODER/Bus_RNW_reg_reg/C
                            (rising edge-triggered cell FDRE clocked by clk_fpga_0  {rise@0.000ns fall@5.000ns period=10.000ns})
  Destination:            Zynq_interrupt_system_i/processing_system7_0/inst/PS7_i/MAXIGP0WREADY
                            (rising edge-triggered cell PS7 clocked by clk_fpga_0  {rise@0.000ns fall@5.000ns period=10.000ns})
  Path Group:             clk_fpga_0
  Path Type:              Setup (Max at Slow Process Corner)
  Requirement:            10.000ns  (clk_fpga_0 rise@10.000ns - clk_fpga_0 rise@0.000ns)
  Data Path Delay:        5.730ns  (logic 1.304ns (22.756%)  route 4.426ns (77.244%))
  Logic Levels:           5  (LUT3=1 LUT4=1 LUT5=2 LUT6=1)
  Clock Path Skew:        0.028ns (DCD - SCD + CPR)
    Destination Clock Delay (DCD):    2.781ns = ( 12.781 - 10.000 ) 
    Source Clock Delay      (SCD):    2.984ns
    Clock Pessimism Removal (CPR):    0.230ns
  Clock Uncertainty:      0.154ns  ((TSJ^2 + TIJ^2)^1/2 + DJ) / 2 + PE
    Total System Jitter     (TSJ):    0.071ns
    Total Input Jitter      (TIJ):    0.300ns
    Discrete Jitter          (DJ):    0.000ns
    Phase Error              (PE):    0.000ns

    Location             Delay type                Incr(ns)  Path(ns)    Netlist Resource(s)
  -------------------------------------------------------------------    -------------------
                         (clock clk_fpga_0 rise edge)
                                                      0.000     0.000 r  
    PS7_X0Y0             PS7                          0.000     0.000 r  Zynq_interrupt_system_i/processing_system7_0/inst/PS7_i/FCLKCLK[0]
                         net (fo=1, routed)           1.207     1.207    Zynq_interrupt_system_i/processing_system7_0/inst/FCLK_CLK_unbuffered[0]
    BUFGCTRL_X0Y0        BUFG (Prop_bufg_I_O)         0.101     1.308 r  Zynq_interrupt_system_i/processing_system7_0/inst/buffer_fclk_clk_0.FCLK_CLK_0_BUFG/O
                         net (fo=1308, routed)        1.676     2.984    Zynq_interrupt_system_i/axi_timer_0/U0/AXI4_LITE_I/I_SLAVE_ATTACHMENT/I_DECODER/s_axi_aclk
    SLICE_X15Y44         FDRE                                         r  Zynq_interrupt_system_i/axi_timer_0/U0/AXI4_LITE_I/I_SLAVE_ATTACHMENT/I_DECODER/Bus_RNW_reg_reg/C
  -------------------------------------------------------------------    -------------------
    SLICE_X15Y44         FDRE (Prop_fdre_C_Q)         0.456     3.440 f  Zynq_interrupt_system_i/axi_timer_0/U0/AXI4_LITE_I/I_SLAVE_ATTACHMENT/I_DECODER/Bus_RNW_reg_reg/Q
                         net (fo=102, routed)         0.776     4.216    Zynq_interrupt_system_i/axi_timer_0/U0/AXI4_LITE_I/I_SLAVE_ATTACHMENT/I_DECODER/TCSR1_GENERATE[24].TCSR1_FF_I_1
    SLICE_X16Y43         LUT3 (Prop_lut3_I1_O)        0.148     4.364 r  Zynq_interrupt_system_i/axi_timer_0/U0/AXI4_LITE_I/I_SLAVE_ATTACHMENT/I_DECODER/s_axi_wready_INST_0_i_2/O
                         net (fo=5, routed)           0.815     5.179    Zynq_interrupt_system_i/axi_timer_0/U0/AXI4_LITE_I/I_SLAVE_ATTACHMENT/I_DECODER/pair0_Select
    SLICE_X18Y43         LUT6 (Prop_lut6_I2_O)        0.328     5.507 r  Zynq_interrupt_system_i/axi_timer_0/U0/AXI4_LITE_I/I_SLAVE_ATTACHMENT/I_DECODER/s_axi_wready_INST_0/O
                         net (fo=7, routed)           0.569     6.076    Zynq_interrupt_system_i/ps7_0_axi_periph/xbar/inst/gen_sasd.crossbar_sasd_0/splitter_aw/m_axi_wready[1]
    SLICE_X19Y43         LUT5 (Prop_lut5_I1_O)        0.124     6.200 r  Zynq_interrupt_system_i/ps7_0_axi_periph/xbar/inst/gen_sasd.crossbar_sasd_0/splitter_aw/s_axi_wready[0]_INST_0_i_5/O
                         net (fo=3, routed)           0.505     6.705    Zynq_interrupt_system_i/ps7_0_axi_periph/xbar/inst/gen_sasd.crossbar_sasd_0/gen_decerr.decerr_slave_inst/m_atarget_enc_reg[2]
    SLICE_X19Y42         LUT4 (Prop_lut4_I3_O)        0.124     6.829 r  Zynq_interrupt_system_i/ps7_0_axi_periph/xbar/inst/gen_sasd.crossbar_sasd_0/gen_decerr.decerr_slave_inst/s_axi_wready[0]_INST_0_i_1/O
                         net (fo=1, routed)           0.434     7.263    Zynq_interrupt_system_i/ps7_0_axi_periph/xbar/inst/gen_sasd.crossbar_sasd_0/addr_arbiter_inst/f_mux_return__1
    SLICE_X19Y43         LUT5 (Prop_lut5_I4_O)        0.124     7.387 r  Zynq_interrupt_system_i/ps7_0_axi_periph/xbar/inst/gen_sasd.crossbar_sasd_0/addr_arbiter_inst/s_axi_wready[0]_INST_0/O
                         net (fo=1, routed)           1.327     8.714    Zynq_interrupt_system_i/processing_system7_0/inst/M_AXI_GP0_WREADY
    PS7_X0Y0             PS7                                          r  Zynq_interrupt_system_i/processing_system7_0/inst/PS7_i/MAXIGP0WREADY
  -------------------------------------------------------------------    -------------------

                         (clock clk_fpga_0 rise edge)
                                                     10.000    10.000 r  
    PS7_X0Y0             PS7                          0.000    10.000 r  Zynq_interrupt_system_i/processing_system7_0/inst/PS7_i/FCLKCLK[0]
                         net (fo=1, routed)           1.101    11.101    Zynq_interrupt_system_i/processing_system7_0/inst/FCLK_CLK_unbuffered[0]
    BUFGCTRL_X0Y0        BUFG (Prop_bufg_I_O)         0.091    11.192 r  Zynq_interrupt_system_i/processing_system7_0/inst/buffer_fclk_clk_0.FCLK_CLK_0_BUFG/O
                         net (fo=1308, routed)        1.589    12.781    Zynq_interrupt_system_i/processing_system7_0/inst/M_AXI_GP0_ACLK
    PS7_X0Y0             PS7                                          r  Zynq_interrupt_system_i/processing_system7_0/inst/PS7_i/MAXIGP0ACLK
                         clock pessimism              0.230    13.012    
                         clock uncertainty           -0.154    12.858    
    PS7_X0Y0             PS7 (Setup_ps7_MAXIGP0ACLK_MAXIGP0WREADY)
                                                     -0.883    11.975    Zynq_interrupt_system_i/processing_system7_0/inst/PS7_i
  -------------------------------------------------------------------
                         required time                         11.975    
                         arrival time                          -8.714    
  -------------------------------------------------------------------
                         slack                                  3.260    

Slack (MET) :             3.874ns  (required time - arrival time)
  Source:                 Zynq_interrupt_system_i/axi_timer_0/U0/TC_CORE_I/TIMER_CONTROL_I/TCSR0_GENERATE[31].TCSR0_FF_I/C
                            (rising edge-triggered cell FDRE clocked by clk_fpga_0  {rise@0.000ns fall@5.000ns period=10.000ns})
  Destination:            Zynq_interrupt_system_i/axi_timer_0/U0/TC_CORE_I/GEN_SECOND_TIMER.COUNTER_1_I/COUNTER_I/INFERRED_GEN.icount_out_reg[31]/D
                            (rising edge-triggered cell FDRE clocked by clk_fpga_0  {rise@0.000ns fall@5.000ns period=10.000ns})
  Path Group:             clk_fpga_0
  Path Type:              Setup (Max at Slow Process Corner)
  Requirement:            10.000ns  (clk_fpga_0 rise@10.000ns - clk_fpga_0 rise@0.000ns)
  Data Path Delay:        6.025ns  (logic 2.611ns (43.334%)  route 3.414ns (56.667%))
  Logic Levels:           12  (CARRY4=8 LUT3=1 LUT5=1 LUT6=2)
  Clock Path Skew:        -0.022ns (DCD - SCD + CPR)
    Destination Clock Delay (DCD):    2.693ns = ( 12.693 - 10.000 ) 
    Source Clock Delay      (SCD):    2.981ns
    Clock Pessimism Removal (CPR):    0.265ns
  Clock Uncertainty:      0.154ns  ((TSJ^2 + TIJ^2)^1/2 + DJ) / 2 + PE
    Total System Jitter     (TSJ):    0.071ns
    Total Input Jitter      (TIJ):    0.300ns
    Discrete Jitter          (DJ):    0.000ns
    Phase Error              (PE):    0.000ns

    Location             Delay type                Incr(ns)  Path(ns)    Netlist Resource(s)
  -------------------------------------------------------------------    -------------------
                         (clock clk_fpga_0 rise edge)
                                                      0.000     0.000 r  
    PS7_X0Y0             PS7                          0.000     0.000 r  Zynq_interrupt_system_i/processing_system7_0/inst/PS7_i/FCLKCLK[0]
                         net (fo=1, routed)           1.207     1.207    Zynq_interrupt_system_i/processing_system7_0/inst/FCLK_CLK_unbuffered[0]
    BUFGCTRL_X0Y0        BUFG (Prop_bufg_I_O)         0.101     1.308 r  Zynq_interrupt_system_i/processing_system7_0/inst/buffer_fclk_clk_0.FCLK_CLK_0_BUFG/O
                         net (fo=1308, routed)        1.673     2.981    Zynq_interrupt_system_i/axi_timer_0/U0/TC_CORE_I/TIMER_CONTROL_I/s_axi_aclk
    SLICE_X15Y38         FDRE                                         r  Zynq_interrupt_system_i/axi_timer_0/U0/TC_CORE_I/TIMER_CONTROL_I/TCSR0_GENERATE[31].TCSR0_FF_I/C
  -------------------------------------------------------------------    -------------------
    SLICE_X15Y38         FDRE (Prop_fdre_C_Q)         0.456     3.437 r  Zynq_interrupt_system_i/axi_timer_0/U0/TC_CORE_I/TIMER_CONTROL_I/TCSR0_GENERATE[31].TCSR0_FF_I/Q
                         net (fo=12, routed)          1.014     4.451    Zynq_interrupt_system_i/axi_timer_0/U0/TC_CORE_I/TIMER_CONTROL_I/INPUT_DOUBLE_REGS3/read_Mux_In[2]
    SLICE_X13Y35         LUT6 (Prop_lut6_I0_O)        0.124     4.575 f  Zynq_interrupt_system_i/axi_timer_0/U0/TC_CORE_I/TIMER_CONTROL_I/INPUT_DOUBLE_REGS3/INFERRED_GEN.icount_out[31]_i_5/O
                         net (fo=4, routed)           0.736     5.311    Zynq_interrupt_system_i/axi_timer_0/U0/TC_CORE_I/TIMER_CONTROL_I/INPUT_DOUBLE_REGS3/INFERRED_GEN.icount_out[31]_i_5_n_0
    SLICE_X13Y34         LUT6 (Prop_lut6_I0_O)        0.124     5.435 r  Zynq_interrupt_system_i/axi_timer_0/U0/TC_CORE_I/TIMER_CONTROL_I/INPUT_DOUBLE_REGS3/icount_out0_carry_i_6/O
                         net (fo=1, routed)           0.814     6.249    Zynq_interrupt_system_i/axi_timer_0/U0/TC_CORE_I/TIMER_CONTROL_I/INPUT_DOUBLE_REGS3/icount_out0_carry_i_6_n_0
    SLICE_X15Y37         LUT5 (Prop_lut5_I4_O)        0.124     6.373 r  Zynq_interrupt_system_i/axi_timer_0/U0/TC_CORE_I/TIMER_CONTROL_I/INPUT_DOUBLE_REGS3/icount_out0_carry_i_5/O
                         net (fo=1, routed)           0.000     6.373    Zynq_interrupt_system_i/axi_timer_0/U0/TC_CORE_I/GEN_SECOND_TIMER.COUNTER_1_I/COUNTER_I/S[0]
    SLICE_X15Y37         CARRY4 (Prop_carry4_S[0]_CO[3])
                                                      0.532     6.905 r  Zynq_interrupt_system_i/axi_timer_0/U0/TC_CORE_I/GEN_SECOND_TIMER.COUNTER_1_I/COUNTER_I/icount_out0_carry/CO[3]
                         net (fo=1, routed)           0.000     6.905    Zynq_interrupt_system_i/axi_timer_0/U0/TC_CORE_I/GEN_SECOND_TIMER.COUNTER_1_I/COUNTER_I/icount_out0_carry_n_0
    SLICE_X15Y38         CARRY4 (Prop_carry4_CI_CO[3])
                                                      0.114     7.019 r  Zynq_interrupt_system_i/axi_timer_0/U0/TC_CORE_I/GEN_SECOND_TIMER.COUNTER_1_I/COUNTER_I/icount_out0_carry__0/CO[3]
                         net (fo=1, routed)           0.000     7.019    Zynq_interrupt_system_i/axi_timer_0/U0/TC_CORE_I/GEN_SECOND_TIMER.COUNTER_1_I/COUNTER_I/icount_out0_carry__0_n_0
    SLICE_X15Y39         CARRY4 (Prop_carry4_CI_CO[3])
                                                      0.114     7.133 r  Zynq_interrupt_system_i/axi_timer_0/U0/TC_CORE_I/GEN_SECOND_TIMER.COUNTER_1_I/COUNTER_I/icount_out0_carry__1/CO[3]
                         net (fo=1, routed)           0.000     7.133    Zynq_interrupt_system_i/axi_timer_0/U0/TC_CORE_I/GEN_SECOND_TIMER.COUNTER_1_I/COUNTER_I/icount_out0_carry__1_n_0
    SLICE_X15Y40         CARRY4 (Prop_carry4_CI_CO[3])
                                                      0.114     7.247 r  Zynq_interrupt_system_i/axi_timer_0/U0/TC_CORE_I/GEN_SECOND_TIMER.COUNTER_1_I/COUNTER_I/icount_out0_carry__2/CO[3]
                         net (fo=1, routed)           0.000     7.247    Zynq_interrupt_system_i/axi_timer_0/U0/TC_CORE_I/GEN_SECOND_TIMER.COUNTER_1_I/COUNTER_I/icount_out0_carry__2_n_0
    SLICE_X15Y41         CARRY4 (Prop_carry4_CI_CO[3])
                                                      0.114     7.361 r  Zynq_interrupt_system_i/axi_timer_0/U0/TC_CORE_I/GEN_SECOND_TIMER.COUNTER_1_I/COUNTER_I/icount_out0_carry__3/CO[3]
                         net (fo=1, routed)           0.000     7.361    Zynq_interrupt_system_i/axi_timer_0/U0/TC_CORE_I/GEN_SECOND_TIMER.COUNTER_1_I/COUNTER_I/icount_out0_carry__3_n_0
    SLICE_X15Y42         CARRY4 (Prop_carry4_CI_CO[3])
                                                      0.114     7.475 r  Zynq_interrupt_system_i/axi_timer_0/U0/TC_CORE_I/GEN_SECOND_TIMER.COUNTER_1_I/COUNTER_I/icount_out0_carry__4/CO[3]
                         net (fo=1, routed)           0.000     7.475    Zynq_interrupt_system_i/axi_timer_0/U0/TC_CORE_I/GEN_SECOND_TIMER.COUNTER_1_I/COUNTER_I/icount_out0_carry__4_n_0
    SLICE_X15Y43         CARRY4 (Prop_carry4_CI_CO[3])
                                                      0.114     7.589 r  Zynq_interrupt_system_i/axi_timer_0/U0/TC_CORE_I/GEN_SECOND_TIMER.COUNTER_1_I/COUNTER_I/icount_out0_carry__5/CO[3]
                         net (fo=1, routed)           0.000     7.589    Zynq_interrupt_system_i/axi_timer_0/U0/TC_CORE_I/GEN_SECOND_TIMER.COUNTER_1_I/COUNTER_I/icount_out0_carry__5_n_0
    SLICE_X15Y44         CARRY4 (Prop_carry4_CI_O[2])
                                                      0.239     7.828 r  Zynq_interrupt_system_i/axi_timer_0/U0/TC_CORE_I/GEN_SECOND_TIMER.COUNTER_1_I/COUNTER_I/icount_out0_carry__6/O[2]
                         net (fo=1, routed)           0.850     8.678    Zynq_interrupt_system_i/axi_timer_0/U0/TC_CORE_I/GEN_SECOND_TIMER.COUNTER_1_I/COUNTER_I/icount_out0_carry__6_n_5
    SLICE_X14Y43         LUT3 (Prop_lut3_I2_O)        0.328     9.006 r  Zynq_interrupt_system_i/axi_timer_0/U0/TC_CORE_I/GEN_SECOND_TIMER.COUNTER_1_I/COUNTER_I/INFERRED_GEN.icount_out[31]_i_2/O
                         net (fo=1, routed)           0.000     9.006    Zynq_interrupt_system_i/axi_timer_0/U0/TC_CORE_I/GEN_SECOND_TIMER.COUNTER_1_I/COUNTER_I/INFERRED_GEN.icount_out[31]_i_2_n_0
    SLICE_X14Y43         FDRE                                         r  Zynq_interrupt_system_i/axi_timer_0/U0/TC_CORE_I/GEN_SECOND_TIMER.COUNTER_1_I/COUNTER_I/INFERRED_GEN.icount_out_reg[31]/D
  -------------------------------------------------------------------    -------------------

                         (clock clk_fpga_0 rise edge)
                                                     10.000    10.000 r  
    PS7_X0Y0             PS7                          0.000    10.000 r  Zynq_interrupt_system_i/processing_system7_0/inst/PS7_i/FCLKCLK[0]
                         net (fo=1, routed)           1.101    11.101    Zynq_interrupt_system_i/processing_system7_0/inst/FCLK_CLK_unbuffered[0]
    BUFGCTRL_X0Y0        BUFG (Prop_bufg_I_O)         0.091    11.192 r  Zynq_interrupt_system_i/processing_system7_0/inst/buffer_fclk_clk_0.FCLK_CLK_0_BUFG/O
                         net (fo=1308, routed)        1.501    12.693    Zynq_interrupt_system_i/axi_timer_0/U0/TC_CORE_I/GEN_SECOND_TIMER.COUNTER_1_I/COUNTER_I/s_axi_aclk
    SLICE_X14Y43         FDRE                                         r  Zynq_interrupt_system_i/axi_timer_0/U0/TC_CORE_I/GEN_SECOND_TIMER.COUNTER_1_I/COUNTER_I/INFERRED_GEN.icount_out_reg[31]/C
                         clock pessimism              0.265    12.959    
                         clock uncertainty           -0.154    12.805    
    SLICE_X14Y43         FDRE (Setup_fdre_C_D)        0.075    12.880    Zynq_interrupt_system_i/axi_timer_0/U0/TC_CORE_I/GEN_SECOND_TIMER.COUNTER_1_I/COUNTER_I/INFERRED_GEN.icount_out_reg[31]
  -------------------------------------------------------------------
                         required time                         12.880    
                         arrival time                          -9.006    
  -------------------------------------------------------------------
                         slack                                  3.874    

Slack (MET) :             3.881ns  (required time - arrival time)
  Source:                 Zynq_interrupt_system_i/axi_timer_0/U0/TC_CORE_I/TIMER_CONTROL_I/TCSR0_GENERATE[31].TCSR0_FF_I/C
                            (rising edge-triggered cell FDRE clocked by clk_fpga_0  {rise@0.000ns fall@5.000ns period=10.000ns})
  Destination:            Zynq_interrupt_system_i/axi_timer_0/U0/TC_CORE_I/GEN_SECOND_TIMER.COUNTER_1_I/COUNTER_I/INFERRED_GEN.icount_out_reg[21]/D
                            (rising edge-triggered cell FDRE clocked by clk_fpga_0  {rise@0.000ns fall@5.000ns period=10.000ns})
  Path Group:             clk_fpga_0
  Path Type:              Setup (Max at Slow Process Corner)
  Requirement:            10.000ns  (clk_fpga_0 rise@10.000ns - clk_fpga_0 rise@0.000ns)
  Data Path Delay:        6.016ns  (logic 2.365ns (39.309%)  route 3.651ns (60.691%))
  Logic Levels:           10  (CARRY4=6 LUT3=1 LUT5=1 LUT6=2)
  Clock Path Skew:        -0.023ns (DCD - SCD + CPR)
    Destination Clock Delay (DCD):    2.693ns = ( 12.693 - 10.000 ) 
    Source Clock Delay      (SCD):    2.981ns
    Clock Pessimism Removal (CPR):    0.265ns
  Clock Uncertainty:      0.154ns  ((TSJ^2 + TIJ^2)^1/2 + DJ) / 2 + PE
    Total System Jitter     (TSJ):    0.071ns
    Total Input Jitter      (TIJ):    0.300ns
    Discrete Jitter          (DJ):    0.000ns
    Phase Error              (PE):    0.000ns

    Location             Delay type                Incr(ns)  Path(ns)    Netlist Resource(s)
  -------------------------------------------------------------------    -------------------
                         (clock clk_fpga_0 rise edge)
                                                      0.000     0.000 r  
    PS7_X0Y0             PS7                          0.000     0.000 r  Zynq_interrupt_system_i/processing_system7_0/inst/PS7_i/FCLKCLK[0]
                         net (fo=1, routed)           1.207     1.207    Zynq_interrupt_system_i/processing_system7_0/inst/FCLK_CLK_unbuffered[0]
    BUFGCTRL_X0Y0        BUFG (Prop_bufg_I_O)         0.101     1.308 r  Zynq_interrupt_system_i/processing_system7_0/inst/buffer_fclk_clk_0.FCLK_CLK_0_BUFG/O
                         net (fo=1308, routed)        1.673     2.981    Zynq_interrupt_system_i/axi_timer_0/U0/TC_CORE_I/TIMER_CONTROL_I/s_axi_aclk
    SLICE_X15Y38         FDRE                                         r  Zynq_interrupt_system_i/axi_timer_0/U0/TC_CORE_I/TIMER_CONTROL_I/TCSR0_GENERATE[31].TCSR0_FF_I/C
  -------------------------------------------------------------------    -------------------
    SLICE_X15Y38         FDRE (Prop_fdre_C_Q)         0.456     3.437 r  Zynq_interrupt_system_i/axi_timer_0/U0/TC_CORE_I/TIMER_CONTROL_I/TCSR0_GENERATE[31].TCSR0_FF_I/Q
                         net (fo=12, routed)          1.014     4.451    Zynq_interrupt_system_i/axi_timer_0/U0/TC_CORE_I/TIMER_CONTROL_I/INPUT_DOUBLE_REGS3/read_Mux_In[2]
    SLICE_X13Y35         LUT6 (Prop_lut6_I0_O)        0.124     4.575 f  Zynq_interrupt_system_i/axi_timer_0/U0/TC_CORE_I/TIMER_CONTROL_I/INPUT_DOUBLE_REGS3/INFERRED_GEN.icount_out[31]_i_5/O
                         net (fo=4, routed)           0.736     5.311    Zynq_interrupt_system_i/axi_timer_0/U0/TC_CORE_I/TIMER_CONTROL_I/INPUT_DOUBLE_REGS3/INFERRED_GEN.icount_out[31]_i_5_n_0
    SLICE_X13Y34         LUT6 (Prop_lut6_I0_O)        0.124     5.435 r  Zynq_interrupt_system_i/axi_timer_0/U0/TC_CORE_I/TIMER_CONTROL_I/INPUT_DOUBLE_REGS3/icount_out0_carry_i_6/O
                         net (fo=1, routed)           0.814     6.249    Zynq_interrupt_system_i/axi_timer_0/U0/TC_CORE_I/TIMER_CONTROL_I/INPUT_DOUBLE_REGS3/icount_out0_carry_i_6_n_0
    SLICE_X15Y37         LUT5 (Prop_lut5_I4_O)        0.124     6.373 r  Zynq_interrupt_system_i/axi_timer_0/U0/TC_CORE_I/TIMER_CONTROL_I/INPUT_DOUBLE_REGS3/icount_out0_carry_i_5/O
                         net (fo=1, routed)           0.000     6.373    Zynq_interrupt_system_i/axi_timer_0/U0/TC_CORE_I/GEN_SECOND_TIMER.COUNTER_1_I/COUNTER_I/S[0]
    SLICE_X15Y37         CARRY4 (Prop_carry4_S[0]_CO[3])
                                                      0.532     6.905 r  Zynq_interrupt_system_i/axi_timer_0/U0/TC_CORE_I/GEN_SECOND_TIMER.COUNTER_1_I/COUNTER_I/icount_out0_carry/CO[3]
                         net (fo=1, routed)           0.000     6.905    Zynq_interrupt_system_i/axi_timer_0/U0/TC_CORE_I/GEN_SECOND_TIMER.COUNTER_1_I/COUNTER_I/icount_out0_carry_n_0
    SLICE_X15Y38         CARRY4 (Prop_carry4_CI_CO[3])
                                                      0.114     7.019 r  Zynq_interrupt_system_i/axi_timer_0/U0/TC_CORE_I/GEN_SECOND_TIMER.COUNTER_1_I/COUNTER_I/icount_out0_carry__0/CO[3]
                         net (fo=1, routed)           0.000     7.019    Zynq_interrupt_system_i/axi_timer_0/U0/TC_CORE_I/GEN_SECOND_TIMER.COUNTER_1_I/COUNTER_I/icount_out0_carry__0_n_0
    SLICE_X15Y39         CARRY4 (Prop_carry4_CI_CO[3])
                                                      0.114     7.133 r  Zynq_interrupt_system_i/axi_timer_0/U0/TC_CORE_I/GEN_SECOND_TIMER.COUNTER_1_I/COUNTER_I/icount_out0_carry__1/CO[3]
                         net (fo=1, routed)           0.000     7.133    Zynq_interrupt_system_i/axi_timer_0/U0/TC_CORE_I/GEN_SECOND_TIMER.COUNTER_1_I/COUNTER_I/icount_out0_carry__1_n_0
    SLICE_X15Y40         CARRY4 (Prop_carry4_CI_CO[3])
                                                      0.114     7.247 r  Zynq_interrupt_system_i/axi_timer_0/U0/TC_CORE_I/GEN_SECOND_TIMER.COUNTER_1_I/COUNTER_I/icount_out0_carry__2/CO[3]
                         net (fo=1, routed)           0.000     7.247    Zynq_interrupt_system_i/axi_timer_0/U0/TC_CORE_I/GEN_SECOND_TIMER.COUNTER_1_I/COUNTER_I/icount_out0_carry__2_n_0
    SLICE_X15Y41         CARRY4 (Prop_carry4_CI_CO[3])
                                                      0.114     7.361 r  Zynq_interrupt_system_i/axi_timer_0/U0/TC_CORE_I/GEN_SECOND_TIMER.COUNTER_1_I/COUNTER_I/icount_out0_carry__3/CO[3]
                         net (fo=1, routed)           0.000     7.361    Zynq_interrupt_system_i/axi_timer_0/U0/TC_CORE_I/GEN_SECOND_TIMER.COUNTER_1_I/COUNTER_I/icount_out0_carry__3_n_0
    SLICE_X15Y42         CARRY4 (Prop_carry4_CI_O[0])
                                                      0.222     7.583 r  Zynq_interrupt_system_i/axi_timer_0/U0/TC_CORE_I/GEN_SECOND_TIMER.COUNTER_1_I/COUNTER_I/icount_out0_carry__4/O[0]
                         net (fo=1, routed)           1.088     8.670    Zynq_interrupt_system_i/axi_timer_0/U0/TC_CORE_I/GEN_SECOND_TIMER.COUNTER_1_I/COUNTER_I/icount_out0_carry__4_n_7
    SLICE_X14Y42         LUT3 (Prop_lut3_I2_O)        0.327     8.997 r  Zynq_interrupt_system_i/axi_timer_0/U0/TC_CORE_I/GEN_SECOND_TIMER.COUNTER_1_I/COUNTER_I/INFERRED_GEN.icount_out[21]_i_1/O
                         net (fo=1, routed)           0.000     8.997    Zynq_interrupt_system_i/axi_timer_0/U0/TC_CORE_I/GEN_SECOND_TIMER.COUNTER_1_I/COUNTER_I/INFERRED_GEN.icount_out[21]_i_1_n_0
    SLICE_X14Y42         FDRE                                         r  Zynq_interrupt_system_i/axi_timer_0/U0/TC_CORE_I/GEN_SECOND_TIMER.COUNTER_1_I/COUNTER_I/INFERRED_GEN.icount_out_reg[21]/D
  -------------------------------------------------------------------    -------------------

                         (clock clk_fpga_0 rise edge)
                                                     10.000    10.000 r  
    PS7_X0Y0             PS7                          0.000    10.000 r  Zynq_interrupt_system_i/processing_system7_0/inst/PS7_i/FCLKCLK[0]
                         net (fo=1, routed)           1.101    11.101    Zynq_interrupt_system_i/processing_system7_0/inst/FCLK_CLK_unbuffered[0]
    BUFGCTRL_X0Y0        BUFG (Prop_bufg_I_O)         0.091    11.192 r  Zynq_interrupt_system_i/processing_system7_0/inst/buffer_fclk_clk_0.FCLK_CLK_0_BUFG/O
                         net (fo=1308, routed)        1.500    12.692    Zynq_interrupt_system_i/axi_timer_0/U0/TC_CORE_I/GEN_SECOND_TIMER.COUNTER_1_I/COUNTER_I/s_axi_aclk
    SLICE_X14Y42         FDRE                                         r  Zynq_interrupt_system_i/axi_timer_0/U0/TC_CORE_I/GEN_SECOND_TIMER.COUNTER_1_I/COUNTER_I/INFERRED_GEN.icount_out_reg[21]/C
                         clock pessimism              0.265    12.958    
                         clock uncertainty           -0.154    12.804    
    SLICE_X14Y42         FDRE (Setup_fdre_C_D)        0.075    12.879    Zynq_interrupt_system_i/axi_timer_0/U0/TC_CORE_I/GEN_SECOND_TIMER.COUNTER_1_I/COUNTER_I/INFERRED_GEN.icount_out_reg[21]
  -------------------------------------------------------------------
                         required time                         12.879    
                         arrival time                          -8.997    
  -------------------------------------------------------------------
                         slack                                  3.881    

Slack (MET) :             3.921ns  (required time - arrival time)
  Source:                 Zynq_interrupt_system_i/axi_timer_0/U0/TC_CORE_I/TIMER_CONTROL_I/TCSR0_GENERATE[31].TCSR0_FF_I/C
                            (rising edge-triggered cell FDRE clocked by clk_fpga_0  {rise@0.000ns fall@5.000ns period=10.000ns})
  Destination:            Zynq_interrupt_system_i/axi_timer_0/U0/TC_CORE_I/GEN_SECOND_TIMER.COUNTER_1_I/COUNTER_I/INFERRED_GEN.icount_out_reg[29]/D
                            (rising edge-triggered cell FDRE clocked by clk_fpga_0  {rise@0.000ns fall@5.000ns period=10.000ns})
  Path Group:             clk_fpga_0
  Path Type:              Setup (Max at Slow Process Corner)
  Requirement:            10.000ns  (clk_fpga_0 rise@10.000ns - clk_fpga_0 rise@0.000ns)
  Data Path Delay:        5.978ns  (logic 2.593ns (43.378%)  route 3.385ns (56.622%))
  Logic Levels:           12  (CARRY4=8 LUT3=1 LUT5=1 LUT6=2)
  Clock Path Skew:        -0.022ns (DCD - SCD + CPR)
    Destination Clock Delay (DCD):    2.693ns = ( 12.693 - 10.000 ) 
    Source Clock Delay      (SCD):    2.981ns
    Clock Pessimism Removal (CPR):    0.265ns
  Clock Uncertainty:      0.154ns  ((TSJ^2 + TIJ^2)^1/2 + DJ) / 2 + PE
    Total System Jitter     (TSJ):    0.071ns
    Total Input Jitter      (TIJ):    0.300ns
    Discrete Jitter          (DJ):    0.000ns
    Phase Error              (PE):    0.000ns

    Location             Delay type                Incr(ns)  Path(ns)    Netlist Resource(s)
  -------------------------------------------------------------------    -------------------
                         (clock clk_fpga_0 rise edge)
                                                      0.000     0.000 r  
    PS7_X0Y0             PS7                          0.000     0.000 r  Zynq_interrupt_system_i/processing_system7_0/inst/PS7_i/FCLKCLK[0]
                         net (fo=1, routed)           1.207     1.207    Zynq_interrupt_system_i/processing_system7_0/inst/FCLK_CLK_unbuffered[0]
    BUFGCTRL_X0Y0        BUFG (Prop_bufg_I_O)         0.101     1.308 r  Zynq_interrupt_system_i/processing_system7_0/inst/buffer_fclk_clk_0.FCLK_CLK_0_BUFG/O
                         net (fo=1308, routed)        1.673     2.981    Zynq_interrupt_system_i/axi_timer_0/U0/TC_CORE_I/TIMER_CONTROL_I/s_axi_aclk
    SLICE_X15Y38         FDRE                                         r  Zynq_interrupt_system_i/axi_timer_0/U0/TC_CORE_I/TIMER_CONTROL_I/TCSR0_GENERATE[31].TCSR0_FF_I/C
  -------------------------------------------------------------------    -------------------
    SLICE_X15Y38         FDRE (Prop_fdre_C_Q)         0.456     3.437 r  Zynq_interrupt_system_i/axi_timer_0/U0/TC_CORE_I/TIMER_CONTROL_I/TCSR0_GENERATE[31].TCSR0_FF_I/Q
                         net (fo=12, routed)          1.014     4.451    Zynq_interrupt_system_i/axi_timer_0/U0/TC_CORE_I/TIMER_CONTROL_I/INPUT_DOUBLE_REGS3/read_Mux_In[2]
    SLICE_X13Y35         LUT6 (Prop_lut6_I0_O)        0.124     4.575 f  Zynq_interrupt_system_i/axi_timer_0/U0/TC_CORE_I/TIMER_CONTROL_I/INPUT_DOUBLE_REGS3/INFERRED_GEN.icount_out[31]_i_5/O
                         net (fo=4, routed)           0.736     5.311    Zynq_interrupt_system_i/axi_timer_0/U0/TC_CORE_I/TIMER_CONTROL_I/INPUT_DOUBLE_REGS3/INFERRED_GEN.icount_out[31]_i_5_n_0
    SLICE_X13Y34         LUT6 (Prop_lut6_I0_O)        0.124     5.435 r  Zynq_interrupt_system_i/axi_timer_0/U0/TC_CORE_I/TIMER_CONTROL_I/INPUT_DOUBLE_REGS3/icount_out0_carry_i_6/O
                         net (fo=1, routed)           0.814     6.249    Zynq_interrupt_system_i/axi_timer_0/U0/TC_CORE_I/TIMER_CONTROL_I/INPUT_DOUBLE_REGS3/icount_out0_carry_i_6_n_0
    SLICE_X15Y37         LUT5 (Prop_lut5_I4_O)        0.124     6.373 r  Zynq_interrupt_system_i/axi_timer_0/U0/TC_CORE_I/TIMER_CONTROL_I/INPUT_DOUBLE_REGS3/icount_out0_carry_i_5/O
                         net (fo=1, routed)           0.000     6.373    Zynq_interrupt_system_i/axi_timer_0/U0/TC_CORE_I/GEN_SECOND_TIMER.COUNTER_1_I/COUNTER_I/S[0]
    SLICE_X15Y37         CARRY4 (Prop_carry4_S[0]_CO[3])
                                                      0.532     6.905 r  Zynq_interrupt_system_i/axi_timer_0/U0/TC_CORE_I/GEN_SECOND_TIMER.COUNTER_1_I/COUNTER_I/icount_out0_carry/CO[3]
                         net (fo=1, routed)           0.000     6.905    Zynq_interrupt_system_i/axi_timer_0/U0/TC_CORE_I/GEN_SECOND_TIMER.COUNTER_1_I/COUNTER_I/icount_out0_carry_n_0
    SLICE_X15Y38         CARRY4 (Prop_carry4_CI_CO[3])
                                                      0.114     7.019 r  Zynq_interrupt_system_i/axi_timer_0/U0/TC_CORE_I/GEN_SECOND_TIMER.COUNTER_1_I/COUNTER_I/icount_out0_carry__0/CO[3]
                         net (fo=1, routed)           0.000     7.019    Zynq_interrupt_system_i/axi_timer_0/U0/TC_CORE_I/GEN_SECOND_TIMER.COUNTER_1_I/COUNTER_I/icount_out0_carry__0_n_0
    SLICE_X15Y39         CARRY4 (Prop_carry4_CI_CO[3])
                                                      0.114     7.133 r  Zynq_interrupt_system_i/axi_timer_0/U0/TC_CORE_I/GEN_SECOND_TIMER.COUNTER_1_I/COUNTER_I/icount_out0_carry__1/CO[3]
                         net (fo=1, routed)           0.000     7.133    Zynq_interrupt_system_i/axi_timer_0/U0/TC_CORE_I/GEN_SECOND_TIMER.COUNTER_1_I/COUNTER_I/icount_out0_carry__1_n_0
    SLICE_X15Y40         CARRY4 (Prop_carry4_CI_CO[3])
                                                      0.114     7.247 r  Zynq_interrupt_system_i/axi_timer_0/U0/TC_CORE_I/GEN_SECOND_TIMER.COUNTER_1_I/COUNTER_I/icount_out0_carry__2/CO[3]
                         net (fo=1, routed)           0.000     7.247    Zynq_interrupt_system_i/axi_timer_0/U0/TC_CORE_I/GEN_SECOND_TIMER.COUNTER_1_I/COUNTER_I/icount_out0_carry__2_n_0
    SLICE_X15Y41         CARRY4 (Prop_carry4_CI_CO[3])
                                                      0.114     7.361 r  Zynq_interrupt_system_i/axi_timer_0/U0/TC_CORE_I/GEN_SECOND_TIMER.COUNTER_1_I/COUNTER_I/icount_out0_carry__3/CO[3]
                         net (fo=1, routed)           0.000     7.361    Zynq_interrupt_system_i/axi_timer_0/U0/TC_CORE_I/GEN_SECOND_TIMER.COUNTER_1_I/COUNTER_I/icount_out0_carry__3_n_0
    SLICE_X15Y42         CARRY4 (Prop_carry4_CI_CO[3])
                                                      0.114     7.475 r  Zynq_interrupt_system_i/axi_timer_0/U0/TC_CORE_I/GEN_SECOND_TIMER.COUNTER_1_I/COUNTER_I/icount_out0_carry__4/CO[3]
                         net (fo=1, routed)           0.000     7.475    Zynq_interrupt_system_i/axi_timer_0/U0/TC_CORE_I/GEN_SECOND_TIMER.COUNTER_1_I/COUNTER_I/icount_out0_carry__4_n_0
    SLICE_X15Y43         CARRY4 (Prop_carry4_CI_CO[3])
                                                      0.114     7.589 r  Zynq_interrupt_system_i/axi_timer_0/U0/TC_CORE_I/GEN_SECOND_TIMER.COUNTER_1_I/COUNTER_I/icount_out0_carry__5/CO[3]
                         net (fo=1, routed)           0.000     7.589    Zynq_interrupt_system_i/axi_timer_0/U0/TC_CORE_I/GEN_SECOND_TIMER.COUNTER_1_I/COUNTER_I/icount_out0_carry__5_n_0
    SLICE_X15Y44         CARRY4 (Prop_carry4_CI_O[0])
                                                      0.222     7.811 r  Zynq_interrupt_system_i/axi_timer_0/U0/TC_CORE_I/GEN_SECOND_TIMER.COUNTER_1_I/COUNTER_I/icount_out0_carry__6/O[0]
                         net (fo=1, routed)           0.821     8.632    Zynq_interrupt_system_i/axi_timer_0/U0/TC_CORE_I/GEN_SECOND_TIMER.COUNTER_1_I/COUNTER_I/icount_out0_carry__6_n_7
    SLICE_X14Y43         LUT3 (Prop_lut3_I2_O)        0.327     8.959 r  Zynq_interrupt_system_i/axi_timer_0/U0/TC_CORE_I/GEN_SECOND_TIMER.COUNTER_1_I/COUNTER_I/INFERRED_GEN.icount_out[29]_i_1/O
                         net (fo=1, routed)           0.000     8.959    Zynq_interrupt_system_i/axi_timer_0/U0/TC_CORE_I/GEN_SECOND_TIMER.COUNTER_1_I/COUNTER_I/INFERRED_GEN.icount_out[29]_i_1_n_0
    SLICE_X14Y43         FDRE                                         r  Zynq_interrupt_system_i/axi_timer_0/U0/TC_CORE_I/GEN_SECOND_TIMER.COUNTER_1_I/COUNTER_I/INFERRED_GEN.icount_out_reg[29]/D
  -------------------------------------------------------------------    -------------------

                         (clock clk_fpga_0 rise edge)
                                                     10.000    10.000 r  
    PS7_X0Y0             PS7                          0.000    10.000 r  Zynq_interrupt_system_i/processing_system7_0/inst/PS7_i/FCLKCLK[0]
                         net (fo=1, routed)           1.101    11.101    Zynq_interrupt_system_i/processing_system7_0/inst/FCLK_CLK_unbuffered[0]
    BUFGCTRL_X0Y0        BUFG (Prop_bufg_I_O)         0.091    11.192 r  Zynq_interrupt_system_i/processing_system7_0/inst/buffer_fclk_clk_0.FCLK_CLK_0_BUFG/O
                         net (fo=1308, routed)        1.501    12.693    Zynq_interrupt_system_i/axi_timer_0/U0/TC_CORE_I/GEN_SECOND_TIMER.COUNTER_1_I/COUNTER_I/s_axi_aclk
    SLICE_X14Y43         FDRE                                         r  Zynq_interrupt_system_i/axi_timer_0/U0/TC_CORE_I/GEN_SECOND_TIMER.COUNTER_1_I/COUNTER_I/INFERRED_GEN.icount_out_reg[29]/C
                         clock pessimism              0.265    12.959    
                         clock uncertainty           -0.154    12.805    
    SLICE_X14Y43         FDRE (Setup_fdre_C_D)        0.075    12.880    Zynq_interrupt_system_i/axi_timer_0/U0/TC_CORE_I/GEN_SECOND_TIMER.COUNTER_1_I/COUNTER_I/INFERRED_GEN.icount_out_reg[29]
  -------------------------------------------------------------------
                         required time                         12.880    
                         arrival time                          -8.959    
  -------------------------------------------------------------------
                         slack                                  3.921    

Slack (MET) :             3.967ns  (required time - arrival time)
  Source:                 Zynq_interrupt_system_i/axi_timer_0/U0/TC_CORE_I/TIMER_CONTROL_I/TCSR0_GENERATE[31].TCSR0_FF_I/C
                            (rising edge-triggered cell FDRE clocked by clk_fpga_0  {rise@0.000ns fall@5.000ns period=10.000ns})
  Destination:            Zynq_interrupt_system_i/axi_timer_0/U0/TC_CORE_I/GEN_SECOND_TIMER.COUNTER_1_I/COUNTER_I/INFERRED_GEN.icount_out_reg[32]/D
                            (rising edge-triggered cell FDRE clocked by clk_fpga_0  {rise@0.000ns fall@5.000ns period=10.000ns})
  Path Group:             clk_fpga_0
  Path Type:              Setup (Max at Slow Process Corner)
  Requirement:            10.000ns  (clk_fpga_0 rise@10.000ns - clk_fpga_0 rise@0.000ns)
  Data Path Delay:        5.881ns  (logic 2.663ns (45.282%)  route 3.218ns (54.718%))
  Logic Levels:           12  (CARRY4=8 LUT5=2 LUT6=2)
  Clock Path Skew:        -0.027ns (DCD - SCD + CPR)
    Destination Clock Delay (DCD):    2.688ns = ( 12.688 - 10.000 ) 
    Source Clock Delay      (SCD):    2.981ns
    Clock Pessimism Removal (CPR):    0.265ns
  Clock Uncertainty:      0.154ns  ((TSJ^2 + TIJ^2)^1/2 + DJ) / 2 + PE
    Total System Jitter     (TSJ):    0.071ns
    Total Input Jitter      (TIJ):    0.300ns
    Discrete Jitter          (DJ):    0.000ns
    Phase Error              (PE):    0.000ns

    Location             Delay type                Incr(ns)  Path(ns)    Netlist Resource(s)
  -------------------------------------------------------------------    -------------------
                         (clock clk_fpga_0 rise edge)
                                                      0.000     0.000 r  
    PS7_X0Y0             PS7                          0.000     0.000 r  Zynq_interrupt_system_i/processing_system7_0/inst/PS7_i/FCLKCLK[0]
                         net (fo=1, routed)           1.207     1.207    Zynq_interrupt_system_i/processing_system7_0/inst/FCLK_CLK_unbuffered[0]
    BUFGCTRL_X0Y0        BUFG (Prop_bufg_I_O)         0.101     1.308 r  Zynq_interrupt_system_i/processing_system7_0/inst/buffer_fclk_clk_0.FCLK_CLK_0_BUFG/O
                         net (fo=1308, routed)        1.673     2.981    Zynq_interrupt_system_i/axi_timer_0/U0/TC_CORE_I/TIMER_CONTROL_I/s_axi_aclk
    SLICE_X15Y38         FDRE                                         r  Zynq_interrupt_system_i/axi_timer_0/U0/TC_CORE_I/TIMER_CONTROL_I/TCSR0_GENERATE[31].TCSR0_FF_I/C
  -------------------------------------------------------------------    -------------------
    SLICE_X15Y38         FDRE (Prop_fdre_C_Q)         0.456     3.437 r  Zynq_interrupt_system_i/axi_timer_0/U0/TC_CORE_I/TIMER_CONTROL_I/TCSR0_GENERATE[31].TCSR0_FF_I/Q
                         net (fo=12, routed)          1.014     4.451    Zynq_interrupt_system_i/axi_timer_0/U0/TC_CORE_I/TIMER_CONTROL_I/INPUT_DOUBLE_REGS3/read_Mux_In[2]
    SLICE_X13Y35         LUT6 (Prop_lut6_I0_O)        0.124     4.575 f  Zynq_interrupt_system_i/axi_timer_0/U0/TC_CORE_I/TIMER_CONTROL_I/INPUT_DOUBLE_REGS3/INFERRED_GEN.icount_out[31]_i_5/O
                         net (fo=4, routed)           0.736     5.311    Zynq_interrupt_system_i/axi_timer_0/U0/TC_CORE_I/TIMER_CONTROL_I/INPUT_DOUBLE_REGS3/INFERRED_GEN.icount_out[31]_i_5_n_0
    SLICE_X13Y34         LUT6 (Prop_lut6_I0_O)        0.124     5.435 r  Zynq_interrupt_system_i/axi_timer_0/U0/TC_CORE_I/TIMER_CONTROL_I/INPUT_DOUBLE_REGS3/icount_out0_carry_i_6/O
                         net (fo=1, routed)           0.814     6.249    Zynq_interrupt_system_i/axi_timer_0/U0/TC_CORE_I/TIMER_CONTROL_I/INPUT_DOUBLE_REGS3/icount_out0_carry_i_6_n_0
    SLICE_X15Y37         LUT5 (Prop_lut5_I4_O)        0.124     6.373 r  Zynq_interrupt_system_i/axi_timer_0/U0/TC_CORE_I/TIMER_CONTROL_I/INPUT_DOUBLE_REGS3/icount_out0_carry_i_5/O
                         net (fo=1, routed)           0.000     6.373    Zynq_interrupt_system_i/axi_timer_0/U0/TC_CORE_I/GEN_SECOND_TIMER.COUNTER_1_I/COUNTER_I/S[0]
    SLICE_X15Y37         CARRY4 (Prop_carry4_S[0]_CO[3])
                                                      0.532     6.905 r  Zynq_interrupt_system_i/axi_timer_0/U0/TC_CORE_I/GEN_SECOND_TIMER.COUNTER_1_I/COUNTER_I/icount_out0_carry/CO[3]
                         net (fo=1, routed)           0.000     6.905    Zynq_interrupt_system_i/axi_timer_0/U0/TC_CORE_I/GEN_SECOND_TIMER.COUNTER_1_I/COUNTER_I/icount_out0_carry_n_0
    SLICE_X15Y38         CARRY4 (Prop_carry4_CI_CO[3])
                                                      0.114     7.019 r  Zynq_interrupt_system_i/axi_timer_0/U0/TC_CORE_I/GEN_SECOND_TIMER.COUNTER_1_I/COUNTER_I/icount_out0_carry__0/CO[3]
                         net (fo=1, routed)           0.000     7.019    Zynq_interrupt_system_i/axi_timer_0/U0/TC_CORE_I/GEN_SECOND_TIMER.COUNTER_1_I/COUNTER_I/icount_out0_carry__0_n_0
    SLICE_X15Y39         CARRY4 (Prop_carry4_CI_CO[3])
                                                      0.114     7.133 r  Zynq_interrupt_system_i/axi_timer_0/U0/TC_CORE_I/GEN_SECOND_TIMER.COUNTER_1_I/COUNTER_I/icount_out0_carry__1/CO[3]
                         net (fo=1, routed)           0.000     7.133    Zynq_interrupt_system_i/axi_timer_0/U0/TC_CORE_I/GEN_SECOND_TIMER.COUNTER_1_I/COUNTER_I/icount_out0_carry__1_n_0
    SLICE_X15Y40         CARRY4 (Prop_carry4_CI_CO[3])
                                                      0.114     7.247 r  Zynq_interrupt_system_i/axi_timer_0/U0/TC_CORE_I/GEN_SECOND_TIMER.COUNTER_1_I/COUNTER_I/icount_out0_carry__2/CO[3]
                         net (fo=1, routed)           0.000     7.247    Zynq_interrupt_system_i/axi_timer_0/U0/TC_CORE_I/GEN_SECOND_TIMER.COUNTER_1_I/COUNTER_I/icount_out0_carry__2_n_0
    SLICE_X15Y41         CARRY4 (Prop_carry4_CI_CO[3])
                                                      0.114     7.361 r  Zynq_interrupt_system_i/axi_timer_0/U0/TC_CORE_I/GEN_SECOND_TIMER.COUNTER_1_I/COUNTER_I/icount_out0_carry__3/CO[3]
                         net (fo=1, routed)           0.000     7.361    Zynq_interrupt_system_i/axi_timer_0/U0/TC_CORE_I/GEN_SECOND_TIMER.COUNTER_1_I/COUNTER_I/icount_out0_carry__3_n_0
    SLICE_X15Y42         CARRY4 (Prop_carry4_CI_CO[3])
                                                      0.114     7.475 r  Zynq_interrupt_system_i/axi_timer_0/U0/TC_CORE_I/GEN_SECOND_TIMER.COUNTER_1_I/COUNTER_I/icount_out0_carry__4/CO[3]
                         net (fo=1, routed)           0.000     7.475    Zynq_interrupt_system_i/axi_timer_0/U0/TC_CORE_I/GEN_SECOND_TIMER.COUNTER_1_I/COUNTER_I/icount_out0_carry__4_n_0
    SLICE_X15Y43         CARRY4 (Prop_carry4_CI_CO[3])
                                                      0.114     7.589 r  Zynq_interrupt_system_i/axi_timer_0/U0/TC_CORE_I/GEN_SECOND_TIMER.COUNTER_1_I/COUNTER_I/icount_out0_carry__5/CO[3]
                         net (fo=1, routed)           0.000     7.589    Zynq_interrupt_system_i/axi_timer_0/U0/TC_CORE_I/GEN_SECOND_TIMER.COUNTER_1_I/COUNTER_I/icount_out0_carry__5_n_0
    SLICE_X15Y44         CARRY4 (Prop_carry4_CI_O[3])
                                                      0.313     7.902 r  Zynq_interrupt_system_i/axi_timer_0/U0/TC_CORE_I/GEN_SECOND_TIMER.COUNTER_1_I/COUNTER_I/icount_out0_carry__6/O[3]
                         net (fo=1, routed)           0.654     8.556    Zynq_interrupt_system_i/axi_timer_0/U0/TC_CORE_I/GEN_SECOND_TIMER.COUNTER_1_I/COUNTER_I/icount_out0_carry__6_n_4
    SLICE_X15Y35         LUT5 (Prop_lut5_I0_O)        0.306     8.862 r  Zynq_interrupt_system_i/axi_timer_0/U0/TC_CORE_I/GEN_SECOND_TIMER.COUNTER_1_I/COUNTER_I/INFERRED_GEN.icount_out[32]_i_1/O
                         net (fo=1, routed)           0.000     8.862    Zynq_interrupt_system_i/axi_timer_0/U0/TC_CORE_I/GEN_SECOND_TIMER.COUNTER_1_I/COUNTER_I/INFERRED_GEN.icount_out[32]_i_1_n_0
    SLICE_X15Y35         FDRE                                         r  Zynq_interrupt_system_i/axi_timer_0/U0/TC_CORE_I/GEN_SECOND_TIMER.COUNTER_1_I/COUNTER_I/INFERRED_GEN.icount_out_reg[32]/D
  -------------------------------------------------------------------    -------------------

                         (clock clk_fpga_0 rise edge)
                                                     10.000    10.000 r  
    PS7_X0Y0             PS7                          0.000    10.000 r  Zynq_interrupt_system_i/processing_system7_0/inst/PS7_i/FCLKCLK[0]
                         net (fo=1, routed)           1.101    11.101    Zynq_interrupt_system_i/processing_system7_0/inst/FCLK_CLK_unbuffered[0]
    BUFGCTRL_X0Y0        BUFG (Prop_bufg_I_O)         0.091    11.192 r  Zynq_interrupt_system_i/processing_system7_0/inst/buffer_fclk_clk_0.FCLK_CLK_0_BUFG/O
                         net (fo=1308, routed)        1.496    12.688    Zynq_interrupt_system_i/axi_timer_0/U0/TC_CORE_I/GEN_SECOND_TIMER.COUNTER_1_I/COUNTER_I/s_axi_aclk
    SLICE_X15Y35         FDRE                                         r  Zynq_interrupt_system_i/axi_timer_0/U0/TC_CORE_I/GEN_SECOND_TIMER.COUNTER_1_I/COUNTER_I/INFERRED_GEN.icount_out_reg[32]/C
                         clock pessimism              0.265    12.954    
                         clock uncertainty           -0.154    12.800    
    SLICE_X15Y35         FDRE (Setup_fdre_C_D)        0.029    12.829    Zynq_interrupt_system_i/axi_timer_0/U0/TC_CORE_I/GEN_SECOND_TIMER.COUNTER_1_I/COUNTER_I/INFERRED_GEN.icount_out_reg[32]
  -------------------------------------------------------------------
                         required time                         12.829    
                         arrival time                          -8.862    
  -------------------------------------------------------------------
                         slack                                  3.967    

Slack (MET) :             4.005ns  (required time - arrival time)
  Source:                 Zynq_interrupt_system_i/ps7_0_axi_periph/xbar/inst/gen_sasd.crossbar_sasd_0/m_atarget_enc_reg[0]/C
                            (rising edge-triggered cell FDRE clocked by clk_fpga_0  {rise@0.000ns fall@5.000ns period=10.000ns})
  Destination:            Zynq_interrupt_system_i/ps7_0_axi_periph/xbar/inst/gen_sasd.crossbar_sasd_0/reg_slice_r/m_payload_i_reg[15]/D
                            (rising edge-triggered cell FDRE clocked by clk_fpga_0  {rise@0.000ns fall@5.000ns period=10.000ns})
  Path Group:             clk_fpga_0
  Path Type:              Setup (Max at Slow Process Corner)
  Requirement:            10.000ns  (clk_fpga_0 rise@10.000ns - clk_fpga_0 rise@0.000ns)
  Data Path Delay:        5.686ns  (logic 0.704ns (12.381%)  route 4.982ns (87.619%))
  Logic Levels:           2  (LUT5=1 LUT6=1)
  Clock Path Skew:        -0.062ns (DCD - SCD + CPR)
    Destination Clock Delay (DCD):    2.696ns = ( 12.696 - 10.000 ) 
    Source Clock Delay      (SCD):    2.989ns
    Clock Pessimism Removal (CPR):    0.230ns
  Clock Uncertainty:      0.154ns  ((TSJ^2 + TIJ^2)^1/2 + DJ) / 2 + PE
    Total System Jitter     (TSJ):    0.071ns
    Total Input Jitter      (TIJ):    0.300ns
    Discrete Jitter          (DJ):    0.000ns
    Phase Error              (PE):    0.000ns

    Location             Delay type                Incr(ns)  Path(ns)    Netlist Resource(s)
  -------------------------------------------------------------------    -------------------
                         (clock clk_fpga_0 rise edge)
                                                      0.000     0.000 r  
    PS7_X0Y0             PS7                          0.000     0.000 r  Zynq_interrupt_system_i/processing_system7_0/inst/PS7_i/FCLKCLK[0]
                         net (fo=1, routed)           1.207     1.207    Zynq_interrupt_system_i/processing_system7_0/inst/FCLK_CLK_unbuffered[0]
    BUFGCTRL_X0Y0        BUFG (Prop_bufg_I_O)         0.101     1.308 r  Zynq_interrupt_system_i/processing_system7_0/inst/buffer_fclk_clk_0.FCLK_CLK_0_BUFG/O
                         net (fo=1308, routed)        1.681     2.989    Zynq_interrupt_system_i/ps7_0_axi_periph/xbar/inst/gen_sasd.crossbar_sasd_0/aclk
    SLICE_X11Y45         FDRE                                         r  Zynq_interrupt_system_i/ps7_0_axi_periph/xbar/inst/gen_sasd.crossbar_sasd_0/m_atarget_enc_reg[0]/C
  -------------------------------------------------------------------    -------------------
    SLICE_X11Y45         FDRE (Prop_fdre_C_Q)         0.456     3.445 f  Zynq_interrupt_system_i/ps7_0_axi_periph/xbar/inst/gen_sasd.crossbar_sasd_0/m_atarget_enc_reg[0]/Q
                         net (fo=87, routed)          3.370     6.815    Zynq_interrupt_system_i/ps7_0_axi_periph/xbar/inst/gen_sasd.crossbar_sasd_0/reg_slice_r/m_atarget_enc_reg[2]_0[0]
    SLICE_X10Y36         LUT5 (Prop_lut5_I1_O)        0.124     6.939 r  Zynq_interrupt_system_i/ps7_0_axi_periph/xbar/inst/gen_sasd.crossbar_sasd_0/reg_slice_r/m_payload_i[15]_i_2/O
                         net (fo=1, routed)           1.000     7.939    Zynq_interrupt_system_i/ps7_0_axi_periph/xbar/inst/gen_sasd.crossbar_sasd_0/reg_slice_r/m_payload_i[15]_i_2_n_0
    SLICE_X10Y36         LUT6 (Prop_lut6_I0_O)        0.124     8.063 r  Zynq_interrupt_system_i/ps7_0_axi_periph/xbar/inst/gen_sasd.crossbar_sasd_0/reg_slice_r/m_payload_i[15]_i_1/O
                         net (fo=2, routed)           0.613     8.675    Zynq_interrupt_system_i/ps7_0_axi_periph/xbar/inst/gen_sasd.crossbar_sasd_0/reg_slice_r/skid_buffer[15]
    SLICE_X9Y38          FDRE                                         r  Zynq_interrupt_system_i/ps7_0_axi_periph/xbar/inst/gen_sasd.crossbar_sasd_0/reg_slice_r/m_payload_i_reg[15]/D
  -------------------------------------------------------------------    -------------------

                         (clock clk_fpga_0 rise edge)
                                                     10.000    10.000 r  
    PS7_X0Y0             PS7                          0.000    10.000 r  Zynq_interrupt_system_i/processing_system7_0/inst/PS7_i/FCLKCLK[0]
                         net (fo=1, routed)           1.101    11.101    Zynq_interrupt_system_i/processing_system7_0/inst/FCLK_CLK_unbuffered[0]
    BUFGCTRL_X0Y0        BUFG (Prop_bufg_I_O)         0.091    11.192 r  Zynq_interrupt_system_i/processing_system7_0/inst/buffer_fclk_clk_0.FCLK_CLK_0_BUFG/O
                         net (fo=1308, routed)        1.504    12.696    Zynq_interrupt_system_i/ps7_0_axi_periph/xbar/inst/gen_sasd.crossbar_sasd_0/reg_slice_r/aclk
    SLICE_X9Y38          FDRE                                         r  Zynq_interrupt_system_i/ps7_0_axi_periph/xbar/inst/gen_sasd.crossbar_sasd_0/reg_slice_r/m_payload_i_reg[15]/C
                         clock pessimism              0.230    12.927    
                         clock uncertainty           -0.154    12.773    
    SLICE_X9Y38          FDRE (Setup_fdre_C_D)       -0.093    12.680    Zynq_interrupt_system_i/ps7_0_axi_periph/xbar/inst/gen_sasd.crossbar_sasd_0/reg_slice_r/m_payload_i_reg[15]
  -------------------------------------------------------------------
                         required time                         12.680    
                         arrival time                          -8.675    
  -------------------------------------------------------------------
                         slack                                  4.005    

Slack (MET) :             4.050ns  (required time - arrival time)
  Source:                 Zynq_interrupt_system_i/axi_timer_0/U0/TC_CORE_I/COUNTER_0_I/COUNTER_I/INFERRED_GEN.icount_out_reg[32]/C
                            (rising edge-triggered cell FDRE clocked by clk_fpga_0  {rise@0.000ns fall@5.000ns period=10.000ns})
  Destination:            Zynq_interrupt_system_i/axi_timer_0/U0/TC_CORE_I/COUNTER_0_I/COUNTER_I/INFERRED_GEN.icount_out_reg[31]/D
                            (rising edge-triggered cell FDRE clocked by clk_fpga_0  {rise@0.000ns fall@5.000ns period=10.000ns})
  Path Group:             clk_fpga_0
  Path Type:              Setup (Max at Slow Process Corner)
  Requirement:            10.000ns  (clk_fpga_0 rise@10.000ns - clk_fpga_0 rise@0.000ns)
  Data Path Delay:        5.811ns  (logic 2.862ns (49.249%)  route 2.949ns (50.751%))
  Logic Levels:           12  (CARRY4=8 LUT3=2 LUT4=1 LUT5=1)
  Clock Path Skew:        -0.060ns (DCD - SCD + CPR)
    Destination Clock Delay (DCD):    2.693ns = ( 12.693 - 10.000 ) 
    Source Clock Delay      (SCD):    2.984ns
    Clock Pessimism Removal (CPR):    0.230ns
  Clock Uncertainty:      0.154ns  ((TSJ^2 + TIJ^2)^1/2 + DJ) / 2 + PE
    Total System Jitter     (TSJ):    0.071ns
    Total Input Jitter      (TIJ):    0.300ns
    Discrete Jitter          (DJ):    0.000ns
    Phase Error              (PE):    0.000ns

    Location             Delay type                Incr(ns)  Path(ns)    Netlist Resource(s)
  -------------------------------------------------------------------    -------------------
                         (clock clk_fpga_0 rise edge)
                                                      0.000     0.000 r  
    PS7_X0Y0             PS7                          0.000     0.000 r  Zynq_interrupt_system_i/processing_system7_0/inst/PS7_i/FCLKCLK[0]
                         net (fo=1, routed)           1.207     1.207    Zynq_interrupt_system_i/processing_system7_0/inst/FCLK_CLK_unbuffered[0]
    BUFGCTRL_X0Y0        BUFG (Prop_bufg_I_O)         0.101     1.308 r  Zynq_interrupt_system_i/processing_system7_0/inst/buffer_fclk_clk_0.FCLK_CLK_0_BUFG/O
                         net (fo=1308, routed)        1.676     2.984    Zynq_interrupt_system_i/axi_timer_0/U0/TC_CORE_I/COUNTER_0_I/COUNTER_I/s_axi_aclk
    SLICE_X11Y35         FDRE                                         r  Zynq_interrupt_system_i/axi_timer_0/U0/TC_CORE_I/COUNTER_0_I/COUNTER_I/INFERRED_GEN.icount_out_reg[32]/C
  -------------------------------------------------------------------    -------------------
    SLICE_X11Y35         FDRE (Prop_fdre_C_Q)         0.456     3.440 f  Zynq_interrupt_system_i/axi_timer_0/U0/TC_CORE_I/COUNTER_0_I/COUNTER_I/INFERRED_GEN.icount_out_reg[32]/Q
                         net (fo=9, routed)           1.019     4.459    Zynq_interrupt_system_i/axi_timer_0/U0/TC_CORE_I/TIMER_CONTROL_I/counter_TC[0]
    SLICE_X12Y35         LUT4 (Prop_lut4_I0_O)        0.152     4.611 r  Zynq_interrupt_system_i/axi_timer_0/U0/TC_CORE_I/TIMER_CONTROL_I/icount_out0_carry_i_7/O
                         net (fo=1, routed)           0.579     5.190    Zynq_interrupt_system_i/axi_timer_0/U0/TC_CORE_I/TIMER_CONTROL_I/INPUT_DOUBLE_REGS3/INFERRED_GEN.icount_out_reg[32]_0
    SLICE_X13Y35         LUT5 (Prop_lut5_I3_O)        0.348     5.538 r  Zynq_interrupt_system_i/axi_timer_0/U0/TC_CORE_I/TIMER_CONTROL_I/INPUT_DOUBLE_REGS3/icount_out0_carry_i_6__0/O
                         net (fo=1, routed)           0.403     5.940    Zynq_interrupt_system_i/axi_timer_0/U0/TC_CORE_I/TIMER_CONTROL_I/INPUT_DOUBLE_REGS3/icount_out0_carry_i_6__0_n_0
    SLICE_X13Y37         LUT3 (Prop_lut3_I1_O)        0.124     6.064 r  Zynq_interrupt_system_i/axi_timer_0/U0/TC_CORE_I/TIMER_CONTROL_I/INPUT_DOUBLE_REGS3/icount_out0_carry_i_5__0/O
                         net (fo=1, routed)           0.000     6.064    Zynq_interrupt_system_i/axi_timer_0/U0/TC_CORE_I/COUNTER_0_I/COUNTER_I/S[0]
    SLICE_X13Y37         CARRY4 (Prop_carry4_S[0]_CO[3])
                                                      0.532     6.596 r  Zynq_interrupt_system_i/axi_timer_0/U0/TC_CORE_I/COUNTER_0_I/COUNTER_I/icount_out0_carry/CO[3]
                         net (fo=1, routed)           0.000     6.596    Zynq_interrupt_system_i/axi_timer_0/U0/TC_CORE_I/COUNTER_0_I/COUNTER_I/icount_out0_carry_n_0
    SLICE_X13Y38         CARRY4 (Prop_carry4_CI_CO[3])
                                                      0.114     6.710 r  Zynq_interrupt_system_i/axi_timer_0/U0/TC_CORE_I/COUNTER_0_I/COUNTER_I/icount_out0_carry__0/CO[3]
                         net (fo=1, routed)           0.000     6.710    Zynq_interrupt_system_i/axi_timer_0/U0/TC_CORE_I/COUNTER_0_I/COUNTER_I/icount_out0_carry__0_n_0
    SLICE_X13Y39         CARRY4 (Prop_carry4_CI_CO[3])
                                                      0.114     6.824 r  Zynq_interrupt_system_i/axi_timer_0/U0/TC_CORE_I/COUNTER_0_I/COUNTER_I/icount_out0_carry__1/CO[3]
                         net (fo=1, routed)           0.000     6.824    Zynq_interrupt_system_i/axi_timer_0/U0/TC_CORE_I/COUNTER_0_I/COUNTER_I/icount_out0_carry__1_n_0
    SLICE_X13Y40         CARRY4 (Prop_carry4_CI_CO[3])
                                                      0.114     6.938 r  Zynq_interrupt_system_i/axi_timer_0/U0/TC_CORE_I/COUNTER_0_I/COUNTER_I/icount_out0_carry__2/CO[3]
                         net (fo=1, routed)           0.000     6.938    Zynq_interrupt_system_i/axi_timer_0/U0/TC_CORE_I/COUNTER_0_I/COUNTER_I/icount_out0_carry__2_n_0
    SLICE_X13Y41         CARRY4 (Prop_carry4_CI_CO[3])
                                                      0.114     7.052 r  Zynq_interrupt_system_i/axi_timer_0/U0/TC_CORE_I/COUNTER_0_I/COUNTER_I/icount_out0_carry__3/CO[3]
                         net (fo=1, routed)           0.000     7.052    Zynq_interrupt_system_i/axi_timer_0/U0/TC_CORE_I/COUNTER_0_I/COUNTER_I/icount_out0_carry__3_n_0
    SLICE_X13Y42         CARRY4 (Prop_carry4_CI_CO[3])
                                                      0.114     7.166 r  Zynq_interrupt_system_i/axi_timer_0/U0/TC_CORE_I/COUNTER_0_I/COUNTER_I/icount_out0_carry__4/CO[3]
                         net (fo=1, routed)           0.000     7.166    Zynq_interrupt_system_i/axi_timer_0/U0/TC_CORE_I/COUNTER_0_I/COUNTER_I/icount_out0_carry__4_n_0
    SLICE_X13Y43         CARRY4 (Prop_carry4_CI_CO[3])
                                                      0.114     7.280 r  Zynq_interrupt_system_i/axi_timer_0/U0/TC_CORE_I/COUNTER_0_I/COUNTER_I/icount_out0_carry__5/CO[3]
                         net (fo=1, routed)           0.000     7.280    Zynq_interrupt_system_i/axi_timer_0/U0/TC_CORE_I/COUNTER_0_I/COUNTER_I/icount_out0_carry__5_n_0
    SLICE_X13Y44         CARRY4 (Prop_carry4_CI_O[2])
                                                      0.239     7.519 r  Zynq_interrupt_system_i/axi_timer_0/U0/TC_CORE_I/COUNTER_0_I/COUNTER_I/icount_out0_carry__6/O[2]
                         net (fo=1, routed)           0.949     8.468    Zynq_interrupt_system_i/axi_timer_0/U0/TC_CORE_I/COUNTER_0_I/COUNTER_I/icount_out0_carry__6_n_5
    SLICE_X14Y44         LUT3 (Prop_lut3_I2_O)        0.327     8.795 r  Zynq_interrupt_system_i/axi_timer_0/U0/TC_CORE_I/COUNTER_0_I/COUNTER_I/INFERRED_GEN.icount_out[31]_i_2__0/O
                         net (fo=1, routed)           0.000     8.795    Zynq_interrupt_system_i/axi_timer_0/U0/TC_CORE_I/COUNTER_0_I/COUNTER_I/p_1_in[31]
    SLICE_X14Y44         FDRE                                         r  Zynq_interrupt_system_i/axi_timer_0/U0/TC_CORE_I/COUNTER_0_I/COUNTER_I/INFERRED_GEN.icount_out_reg[31]/D
  -------------------------------------------------------------------    -------------------

                         (clock clk_fpga_0 rise edge)
                                                     10.000    10.000 r  
    PS7_X0Y0             PS7                          0.000    10.000 r  Zynq_interrupt_system_i/processing_system7_0/inst/PS7_i/FCLKCLK[0]
                         net (fo=1, routed)           1.101    11.101    Zynq_interrupt_system_i/processing_system7_0/inst/FCLK_CLK_unbuffered[0]
    BUFGCTRL_X0Y0        BUFG (Prop_bufg_I_O)         0.091    11.192 r  Zynq_interrupt_system_i/processing_system7_0/inst/buffer_fclk_clk_0.FCLK_CLK_0_BUFG/O
                         net (fo=1308, routed)        1.501    12.693    Zynq_interrupt_system_i/axi_timer_0/U0/TC_CORE_I/COUNTER_0_I/COUNTER_I/s_axi_aclk
    SLICE_X14Y44         FDRE                                         r  Zynq_interrupt_system_i/axi_timer_0/U0/TC_CORE_I/COUNTER_0_I/COUNTER_I/INFERRED_GEN.icount_out_reg[31]/C
                         clock pessimism              0.230    12.924    
                         clock uncertainty           -0.154    12.770    
    SLICE_X14Y44         FDRE (Setup_fdre_C_D)        0.075    12.845    Zynq_interrupt_system_i/axi_timer_0/U0/TC_CORE_I/COUNTER_0_I/COUNTER_I/INFERRED_GEN.icount_out_reg[31]
  -------------------------------------------------------------------
                         required time                         12.845    
                         arrival time                          -8.795    
  -------------------------------------------------------------------
                         slack                                  4.050    

Slack (MET) :             4.055ns  (required time - arrival time)
  Source:                 Zynq_interrupt_system_i/axi_timer_0/U0/TC_CORE_I/COUNTER_0_I/COUNTER_I/INFERRED_GEN.icount_out_reg[32]/C
                            (rising edge-triggered cell FDRE clocked by clk_fpga_0  {rise@0.000ns fall@5.000ns period=10.000ns})
  Destination:            Zynq_interrupt_system_i/axi_timer_0/U0/TC_CORE_I/COUNTER_0_I/COUNTER_I/INFERRED_GEN.icount_out_reg[29]/D
                            (rising edge-triggered cell FDRE clocked by clk_fpga_0  {rise@0.000ns fall@5.000ns period=10.000ns})
  Path Group:             clk_fpga_0
  Path Type:              Setup (Max at Slow Process Corner)
  Requirement:            10.000ns  (clk_fpga_0 rise@10.000ns - clk_fpga_0 rise@0.000ns)
  Data Path Delay:        5.806ns  (logic 2.845ns (49.003%)  route 2.961ns (50.997%))
  Logic Levels:           12  (CARRY4=8 LUT3=2 LUT4=1 LUT5=1)
  Clock Path Skew:        -0.060ns (DCD - SCD + CPR)
    Destination Clock Delay (DCD):    2.693ns = ( 12.693 - 10.000 ) 
    Source Clock Delay      (SCD):    2.984ns
    Clock Pessimism Removal (CPR):    0.230ns
  Clock Uncertainty:      0.154ns  ((TSJ^2 + TIJ^2)^1/2 + DJ) / 2 + PE
    Total System Jitter     (TSJ):    0.071ns
    Total Input Jitter      (TIJ):    0.300ns
    Discrete Jitter          (DJ):    0.000ns
    Phase Error              (PE):    0.000ns

    Location             Delay type                Incr(ns)  Path(ns)    Netlist Resource(s)
  -------------------------------------------------------------------    -------------------
                         (clock clk_fpga_0 rise edge)
                                                      0.000     0.000 r  
    PS7_X0Y0             PS7                          0.000     0.000 r  Zynq_interrupt_system_i/processing_system7_0/inst/PS7_i/FCLKCLK[0]
                         net (fo=1, routed)           1.207     1.207    Zynq_interrupt_system_i/processing_system7_0/inst/FCLK_CLK_unbuffered[0]
    BUFGCTRL_X0Y0        BUFG (Prop_bufg_I_O)         0.101     1.308 r  Zynq_interrupt_system_i/processing_system7_0/inst/buffer_fclk_clk_0.FCLK_CLK_0_BUFG/O
                         net (fo=1308, routed)        1.676     2.984    Zynq_interrupt_system_i/axi_timer_0/U0/TC_CORE_I/COUNTER_0_I/COUNTER_I/s_axi_aclk
    SLICE_X11Y35         FDRE                                         r  Zynq_interrupt_system_i/axi_timer_0/U0/TC_CORE_I/COUNTER_0_I/COUNTER_I/INFERRED_GEN.icount_out_reg[32]/C
  -------------------------------------------------------------------    -------------------
    SLICE_X11Y35         FDRE (Prop_fdre_C_Q)         0.456     3.440 f  Zynq_interrupt_system_i/axi_timer_0/U0/TC_CORE_I/COUNTER_0_I/COUNTER_I/INFERRED_GEN.icount_out_reg[32]/Q
                         net (fo=9, routed)           1.019     4.459    Zynq_interrupt_system_i/axi_timer_0/U0/TC_CORE_I/TIMER_CONTROL_I/counter_TC[0]
    SLICE_X12Y35         LUT4 (Prop_lut4_I0_O)        0.152     4.611 r  Zynq_interrupt_system_i/axi_timer_0/U0/TC_CORE_I/TIMER_CONTROL_I/icount_out0_carry_i_7/O
                         net (fo=1, routed)           0.579     5.190    Zynq_interrupt_system_i/axi_timer_0/U0/TC_CORE_I/TIMER_CONTROL_I/INPUT_DOUBLE_REGS3/INFERRED_GEN.icount_out_reg[32]_0
    SLICE_X13Y35         LUT5 (Prop_lut5_I3_O)        0.348     5.538 r  Zynq_interrupt_system_i/axi_timer_0/U0/TC_CORE_I/TIMER_CONTROL_I/INPUT_DOUBLE_REGS3/icount_out0_carry_i_6__0/O
                         net (fo=1, routed)           0.403     5.940    Zynq_interrupt_system_i/axi_timer_0/U0/TC_CORE_I/TIMER_CONTROL_I/INPUT_DOUBLE_REGS3/icount_out0_carry_i_6__0_n_0
    SLICE_X13Y37         LUT3 (Prop_lut3_I1_O)        0.124     6.064 r  Zynq_interrupt_system_i/axi_timer_0/U0/TC_CORE_I/TIMER_CONTROL_I/INPUT_DOUBLE_REGS3/icount_out0_carry_i_5__0/O
                         net (fo=1, routed)           0.000     6.064    Zynq_interrupt_system_i/axi_timer_0/U0/TC_CORE_I/COUNTER_0_I/COUNTER_I/S[0]
    SLICE_X13Y37         CARRY4 (Prop_carry4_S[0]_CO[3])
                                                      0.532     6.596 r  Zynq_interrupt_system_i/axi_timer_0/U0/TC_CORE_I/COUNTER_0_I/COUNTER_I/icount_out0_carry/CO[3]
                         net (fo=1, routed)           0.000     6.596    Zynq_interrupt_system_i/axi_timer_0/U0/TC_CORE_I/COUNTER_0_I/COUNTER_I/icount_out0_carry_n_0
    SLICE_X13Y38         CARRY4 (Prop_carry4_CI_CO[3])
                                                      0.114     6.710 r  Zynq_interrupt_system_i/axi_timer_0/U0/TC_CORE_I/COUNTER_0_I/COUNTER_I/icount_out0_carry__0/CO[3]
                         net (fo=1, routed)           0.000     6.710    Zynq_interrupt_system_i/axi_timer_0/U0/TC_CORE_I/COUNTER_0_I/COUNTER_I/icount_out0_carry__0_n_0
    SLICE_X13Y39         CARRY4 (Prop_carry4_CI_CO[3])
                                                      0.114     6.824 r  Zynq_interrupt_system_i/axi_timer_0/U0/TC_CORE_I/COUNTER_0_I/COUNTER_I/icount_out0_carry__1/CO[3]
                         net (fo=1, routed)           0.000     6.824    Zynq_interrupt_system_i/axi_timer_0/U0/TC_CORE_I/COUNTER_0_I/COUNTER_I/icount_out0_carry__1_n_0
    SLICE_X13Y40         CARRY4 (Prop_carry4_CI_CO[3])
                                                      0.114     6.938 r  Zynq_interrupt_system_i/axi_timer_0/U0/TC_CORE_I/COUNTER_0_I/COUNTER_I/icount_out0_carry__2/CO[3]
                         net (fo=1, routed)           0.000     6.938    Zynq_interrupt_system_i/axi_timer_0/U0/TC_CORE_I/COUNTER_0_I/COUNTER_I/icount_out0_carry__2_n_0
    SLICE_X13Y41         CARRY4 (Prop_carry4_CI_CO[3])
                                                      0.114     7.052 r  Zynq_interrupt_system_i/axi_timer_0/U0/TC_CORE_I/COUNTER_0_I/COUNTER_I/icount_out0_carry__3/CO[3]
                         net (fo=1, routed)           0.000     7.052    Zynq_interrupt_system_i/axi_timer_0/U0/TC_CORE_I/COUNTER_0_I/COUNTER_I/icount_out0_carry__3_n_0
    SLICE_X13Y42         CARRY4 (Prop_carry4_CI_CO[3])
                                                      0.114     7.166 r  Zynq_interrupt_system_i/axi_timer_0/U0/TC_CORE_I/COUNTER_0_I/COUNTER_I/icount_out0_carry__4/CO[3]
                         net (fo=1, routed)           0.000     7.166    Zynq_interrupt_system_i/axi_timer_0/U0/TC_CORE_I/COUNTER_0_I/COUNTER_I/icount_out0_carry__4_n_0
    SLICE_X13Y43         CARRY4 (Prop_carry4_CI_CO[3])
                                                      0.114     7.280 r  Zynq_interrupt_system_i/axi_timer_0/U0/TC_CORE_I/COUNTER_0_I/COUNTER_I/icount_out0_carry__5/CO[3]
                         net (fo=1, routed)           0.000     7.280    Zynq_interrupt_system_i/axi_timer_0/U0/TC_CORE_I/COUNTER_0_I/COUNTER_I/icount_out0_carry__5_n_0
    SLICE_X13Y44         CARRY4 (Prop_carry4_CI_O[0])
                                                      0.222     7.502 r  Zynq_interrupt_system_i/axi_timer_0/U0/TC_CORE_I/COUNTER_0_I/COUNTER_I/icount_out0_carry__6/O[0]
                         net (fo=1, routed)           0.960     8.463    Zynq_interrupt_system_i/axi_timer_0/U0/TC_CORE_I/COUNTER_0_I/COUNTER_I/icount_out0_carry__6_n_7
    SLICE_X14Y44         LUT3 (Prop_lut3_I2_O)        0.327     8.790 r  Zynq_interrupt_system_i/axi_timer_0/U0/TC_CORE_I/COUNTER_0_I/COUNTER_I/INFERRED_GEN.icount_out[29]_i_1__0/O
                         net (fo=1, routed)           0.000     8.790    Zynq_interrupt_system_i/axi_timer_0/U0/TC_CORE_I/COUNTER_0_I/COUNTER_I/p_1_in[29]
    SLICE_X14Y44         FDRE                                         r  Zynq_interrupt_system_i/axi_timer_0/U0/TC_CORE_I/COUNTER_0_I/COUNTER_I/INFERRED_GEN.icount_out_reg[29]/D
  -------------------------------------------------------------------    -------------------

                         (clock clk_fpga_0 rise edge)
                                                     10.000    10.000 r  
    PS7_X0Y0             PS7                          0.000    10.000 r  Zynq_interrupt_system_i/processing_system7_0/inst/PS7_i/FCLKCLK[0]
                         net (fo=1, routed)           1.101    11.101    Zynq_interrupt_system_i/processing_system7_0/inst/FCLK_CLK_unbuffered[0]
    BUFGCTRL_X0Y0        BUFG (Prop_bufg_I_O)         0.091    11.192 r  Zynq_interrupt_system_i/processing_system7_0/inst/buffer_fclk_clk_0.FCLK_CLK_0_BUFG/O
                         net (fo=1308, routed)        1.501    12.693    Zynq_interrupt_system_i/axi_timer_0/U0/TC_CORE_I/COUNTER_0_I/COUNTER_I/s_axi_aclk
    SLICE_X14Y44         FDRE                                         r  Zynq_interrupt_system_i/axi_timer_0/U0/TC_CORE_I/COUNTER_0_I/COUNTER_I/INFERRED_GEN.icount_out_reg[29]/C
                         clock pessimism              0.230    12.924    
                         clock uncertainty           -0.154    12.770    
    SLICE_X14Y44         FDRE (Setup_fdre_C_D)        0.075    12.845    Zynq_interrupt_system_i/axi_timer_0/U0/TC_CORE_I/COUNTER_0_I/COUNTER_I/INFERRED_GEN.icount_out_reg[29]
  -------------------------------------------------------------------
                         required time                         12.845    
                         arrival time                          -8.790    
  -------------------------------------------------------------------
                         slack                                  4.055    

Slack (MET) :             4.148ns  (required time - arrival time)
  Source:                 Zynq_interrupt_system_i/axi_timer_0/U0/TC_CORE_I/COUNTER_0_I/COUNTER_I/INFERRED_GEN.icount_out_reg[32]/C
                            (rising edge-triggered cell FDRE clocked by clk_fpga_0  {rise@0.000ns fall@5.000ns period=10.000ns})
  Destination:            Zynq_interrupt_system_i/axi_timer_0/U0/TC_CORE_I/COUNTER_0_I/COUNTER_I/INFERRED_GEN.icount_out_reg[26]/D
                            (rising edge-triggered cell FDRE clocked by clk_fpga_0  {rise@0.000ns fall@5.000ns period=10.000ns})
  Path Group:             clk_fpga_0
  Path Type:              Setup (Max at Slow Process Corner)
  Requirement:            10.000ns  (clk_fpga_0 rise@10.000ns - clk_fpga_0 rise@0.000ns)
  Data Path Delay:        5.669ns  (logic 2.819ns (49.729%)  route 2.850ns (50.271%))
  Logic Levels:           11  (CARRY4=7 LUT3=2 LUT4=1 LUT5=1)
  Clock Path Skew:        -0.060ns (DCD - SCD + CPR)
    Destination Clock Delay (DCD):    2.693ns = ( 12.693 - 10.000 ) 
    Source Clock Delay      (SCD):    2.984ns
    Clock Pessimism Removal (CPR):    0.230ns
  Clock Uncertainty:      0.154ns  ((TSJ^2 + TIJ^2)^1/2 + DJ) / 2 + PE
    Total System Jitter     (TSJ):    0.071ns
    Total Input Jitter      (TIJ):    0.300ns
    Discrete Jitter          (DJ):    0.000ns
    Phase Error              (PE):    0.000ns

    Location             Delay type                Incr(ns)  Path(ns)    Netlist Resource(s)
  -------------------------------------------------------------------    -------------------
                         (clock clk_fpga_0 rise edge)
                                                      0.000     0.000 r  
    PS7_X0Y0             PS7                          0.000     0.000 r  Zynq_interrupt_system_i/processing_system7_0/inst/PS7_i/FCLKCLK[0]
                         net (fo=1, routed)           1.207     1.207    Zynq_interrupt_system_i/processing_system7_0/inst/FCLK_CLK_unbuffered[0]
    BUFGCTRL_X0Y0        BUFG (Prop_bufg_I_O)         0.101     1.308 r  Zynq_interrupt_system_i/processing_system7_0/inst/buffer_fclk_clk_0.FCLK_CLK_0_BUFG/O
                         net (fo=1308, routed)        1.676     2.984    Zynq_interrupt_system_i/axi_timer_0/U0/TC_CORE_I/COUNTER_0_I/COUNTER_I/s_axi_aclk
    SLICE_X11Y35         FDRE                                         r  Zynq_interrupt_system_i/axi_timer_0/U0/TC_CORE_I/COUNTER_0_I/COUNTER_I/INFERRED_GEN.icount_out_reg[32]/C
  -------------------------------------------------------------------    -------------------
    SLICE_X11Y35         FDRE (Prop_fdre_C_Q)         0.456     3.440 f  Zynq_interrupt_system_i/axi_timer_0/U0/TC_CORE_I/COUNTER_0_I/COUNTER_I/INFERRED_GEN.icount_out_reg[32]/Q
                         net (fo=9, routed)           1.019     4.459    Zynq_interrupt_system_i/axi_timer_0/U0/TC_CORE_I/TIMER_CONTROL_I/counter_TC[0]
    SLICE_X12Y35         LUT4 (Prop_lut4_I0_O)        0.152     4.611 r  Zynq_interrupt_system_i/axi_timer_0/U0/TC_CORE_I/TIMER_CONTROL_I/icount_out0_carry_i_7/O
                         net (fo=1, routed)           0.579     5.190    Zynq_interrupt_system_i/axi_timer_0/U0/TC_CORE_I/TIMER_CONTROL_I/INPUT_DOUBLE_REGS3/INFERRED_GEN.icount_out_reg[32]_0
    SLICE_X13Y35         LUT5 (Prop_lut5_I3_O)        0.348     5.538 r  Zynq_interrupt_system_i/axi_timer_0/U0/TC_CORE_I/TIMER_CONTROL_I/INPUT_DOUBLE_REGS3/icount_out0_carry_i_6__0/O
                         net (fo=1, routed)           0.403     5.940    Zynq_interrupt_system_i/axi_timer_0/U0/TC_CORE_I/TIMER_CONTROL_I/INPUT_DOUBLE_REGS3/icount_out0_carry_i_6__0_n_0
    SLICE_X13Y37         LUT3 (Prop_lut3_I1_O)        0.124     6.064 r  Zynq_interrupt_system_i/axi_timer_0/U0/TC_CORE_I/TIMER_CONTROL_I/INPUT_DOUBLE_REGS3/icount_out0_carry_i_5__0/O
                         net (fo=1, routed)           0.000     6.064    Zynq_interrupt_system_i/axi_timer_0/U0/TC_CORE_I/COUNTER_0_I/COUNTER_I/S[0]
    SLICE_X13Y37         CARRY4 (Prop_carry4_S[0]_CO[3])
                                                      0.532     6.596 r  Zynq_interrupt_system_i/axi_timer_0/U0/TC_CORE_I/COUNTER_0_I/COUNTER_I/icount_out0_carry/CO[3]
                         net (fo=1, routed)           0.000     6.596    Zynq_interrupt_system_i/axi_timer_0/U0/TC_CORE_I/COUNTER_0_I/COUNTER_I/icount_out0_carry_n_0
    SLICE_X13Y38         CARRY4 (Prop_carry4_CI_CO[3])
                                                      0.114     6.710 r  Zynq_interrupt_system_i/axi_timer_0/U0/TC_CORE_I/COUNTER_0_I/COUNTER_I/icount_out0_carry__0/CO[3]
                         net (fo=1, routed)           0.000     6.710    Zynq_interrupt_system_i/axi_timer_0/U0/TC_CORE_I/COUNTER_0_I/COUNTER_I/icount_out0_carry__0_n_0
    SLICE_X13Y39         CARRY4 (Prop_carry4_CI_CO[3])
                                                      0.114     6.824 r  Zynq_interrupt_system_i/axi_timer_0/U0/TC_CORE_I/COUNTER_0_I/COUNTER_I/icount_out0_carry__1/CO[3]
                         net (fo=1, routed)           0.000     6.824    Zynq_interrupt_system_i/axi_timer_0/U0/TC_CORE_I/COUNTER_0_I/COUNTER_I/icount_out0_carry__1_n_0
    SLICE_X13Y40         CARRY4 (Prop_carry4_CI_CO[3])
                                                      0.114     6.938 r  Zynq_interrupt_system_i/axi_timer_0/U0/TC_CORE_I/COUNTER_0_I/COUNTER_I/icount_out0_carry__2/CO[3]
                         net (fo=1, routed)           0.000     6.938    Zynq_interrupt_system_i/axi_timer_0/U0/TC_CORE_I/COUNTER_0_I/COUNTER_I/icount_out0_carry__2_n_0
    SLICE_X13Y41         CARRY4 (Prop_carry4_CI_CO[3])
                                                      0.114     7.052 r  Zynq_interrupt_system_i/axi_timer_0/U0/TC_CORE_I/COUNTER_0_I/COUNTER_I/icount_out0_carry__3/CO[3]
                         net (fo=1, routed)           0.000     7.052    Zynq_interrupt_system_i/axi_timer_0/U0/TC_CORE_I/COUNTER_0_I/COUNTER_I/icount_out0_carry__3_n_0
    SLICE_X13Y42         CARRY4 (Prop_carry4_CI_CO[3])
                                                      0.114     7.166 r  Zynq_interrupt_system_i/axi_timer_0/U0/TC_CORE_I/COUNTER_0_I/COUNTER_I/icount_out0_carry__4/CO[3]
                         net (fo=1, routed)           0.000     7.166    Zynq_interrupt_system_i/axi_timer_0/U0/TC_CORE_I/COUNTER_0_I/COUNTER_I/icount_out0_carry__4_n_0
    SLICE_X13Y43         CARRY4 (Prop_carry4_CI_O[1])
                                                      0.334     7.500 r  Zynq_interrupt_system_i/axi_timer_0/U0/TC_CORE_I/COUNTER_0_I/COUNTER_I/icount_out0_carry__5/O[1]
                         net (fo=1, routed)           0.849     8.350    Zynq_interrupt_system_i/axi_timer_0/U0/TC_CORE_I/COUNTER_0_I/COUNTER_I/icount_out0_carry__5_n_6
    SLICE_X14Y44         LUT3 (Prop_lut3_I2_O)        0.303     8.653 r  Zynq_interrupt_system_i/axi_timer_0/U0/TC_CORE_I/COUNTER_0_I/COUNTER_I/INFERRED_GEN.icount_out[26]_i_1__0/O
                         net (fo=1, routed)           0.000     8.653    Zynq_interrupt_system_i/axi_timer_0/U0/TC_CORE_I/COUNTER_0_I/COUNTER_I/p_1_in[26]
    SLICE_X14Y44         FDRE                                         r  Zynq_interrupt_system_i/axi_timer_0/U0/TC_CORE_I/COUNTER_0_I/COUNTER_I/INFERRED_GEN.icount_out_reg[26]/D
  -------------------------------------------------------------------    -------------------

                         (clock clk_fpga_0 rise edge)
                                                     10.000    10.000 r  
    PS7_X0Y0             PS7                          0.000    10.000 r  Zynq_interrupt_system_i/processing_system7_0/inst/PS7_i/FCLKCLK[0]
                         net (fo=1, routed)           1.101    11.101    Zynq_interrupt_system_i/processing_system7_0/inst/FCLK_CLK_unbuffered[0]
    BUFGCTRL_X0Y0        BUFG (Prop_bufg_I_O)         0.091    11.192 r  Zynq_interrupt_system_i/processing_system7_0/inst/buffer_fclk_clk_0.FCLK_CLK_0_BUFG/O
                         net (fo=1308, routed)        1.501    12.693    Zynq_interrupt_system_i/axi_timer_0/U0/TC_CORE_I/COUNTER_0_I/COUNTER_I/s_axi_aclk
    SLICE_X14Y44         FDRE                                         r  Zynq_interrupt_system_i/axi_timer_0/U0/TC_CORE_I/COUNTER_0_I/COUNTER_I/INFERRED_GEN.icount_out_reg[26]/C
                         clock pessimism              0.230    12.924    
                         clock uncertainty           -0.154    12.770    
    SLICE_X14Y44         FDRE (Setup_fdre_C_D)        0.031    12.801    Zynq_interrupt_system_i/axi_timer_0/U0/TC_CORE_I/COUNTER_0_I/COUNTER_I/INFERRED_GEN.icount_out_reg[26]
  -------------------------------------------------------------------
                         required time                         12.801    
                         arrival time                          -8.653    
  -------------------------------------------------------------------
                         slack                                  4.148    

Slack (MET) :             4.151ns  (required time - arrival time)
  Source:                 Zynq_interrupt_system_i/ps7_0_axi_periph/xbar/inst/gen_sasd.crossbar_sasd_0/addr_arbiter_inst/gen_no_arbiter.s_ready_i_reg[0]/C
                            (rising edge-triggered cell FDRE clocked by clk_fpga_0  {rise@0.000ns fall@5.000ns period=10.000ns})
  Destination:            Zynq_interrupt_system_i/ps7_0_axi_periph/s00_couplers/auto_pc/inst/gen_axilite.gen_b2s_conv.axilite_b2s/WR.aw_channel_0/cmd_translator_0/incr_cmd_0/axaddr_incr_reg[9]/D
                            (rising edge-triggered cell FDRE clocked by clk_fpga_0  {rise@0.000ns fall@5.000ns period=10.000ns})
  Path Group:             clk_fpga_0
  Path Type:              Setup (Max at Slow Process Corner)
  Requirement:            10.000ns  (clk_fpga_0 rise@10.000ns - clk_fpga_0 rise@0.000ns)
  Data Path Delay:        5.755ns  (logic 2.438ns (42.364%)  route 3.317ns (57.636%))
  Logic Levels:           7  (CARRY4=3 LUT2=1 LUT3=1 LUT4=1 LUT6=1)
  Clock Path Skew:        -0.015ns (DCD - SCD + CPR)
    Destination Clock Delay (DCD):    2.743ns = ( 12.743 - 10.000 ) 
    Source Clock Delay      (SCD):    2.989ns
    Clock Pessimism Removal (CPR):    0.230ns
  Clock Uncertainty:      0.154ns  ((TSJ^2 + TIJ^2)^1/2 + DJ) / 2 + PE
    Total System Jitter     (TSJ):    0.071ns
    Total Input Jitter      (TIJ):    0.300ns
    Discrete Jitter          (DJ):    0.000ns
    Phase Error              (PE):    0.000ns

    Location             Delay type                Incr(ns)  Path(ns)    Netlist Resource(s)
  -------------------------------------------------------------------    -------------------
                         (clock clk_fpga_0 rise edge)
                                                      0.000     0.000 r  
    PS7_X0Y0             PS7                          0.000     0.000 r  Zynq_interrupt_system_i/processing_system7_0/inst/PS7_i/FCLKCLK[0]
                         net (fo=1, routed)           1.207     1.207    Zynq_interrupt_system_i/processing_system7_0/inst/FCLK_CLK_unbuffered[0]
    BUFGCTRL_X0Y0        BUFG (Prop_bufg_I_O)         0.101     1.308 r  Zynq_interrupt_system_i/processing_system7_0/inst/buffer_fclk_clk_0.FCLK_CLK_0_BUFG/O
                         net (fo=1308, routed)        1.681     2.989    Zynq_interrupt_system_i/ps7_0_axi_periph/xbar/inst/gen_sasd.crossbar_sasd_0/addr_arbiter_inst/aclk
    SLICE_X8Y43          FDRE                                         r  Zynq_interrupt_system_i/ps7_0_axi_periph/xbar/inst/gen_sasd.crossbar_sasd_0/addr_arbiter_inst/gen_no_arbiter.s_ready_i_reg[0]/C
  -------------------------------------------------------------------    -------------------
    SLICE_X8Y43          FDRE (Prop_fdre_C_Q)         0.518     3.507 r  Zynq_interrupt_system_i/ps7_0_axi_periph/xbar/inst/gen_sasd.crossbar_sasd_0/addr_arbiter_inst/gen_no_arbiter.s_ready_i_reg[0]/Q
                         net (fo=4, routed)           1.019     4.526    Zynq_interrupt_system_i/ps7_0_axi_periph/xbar/inst/gen_sasd.crossbar_sasd_0/addr_arbiter_inst/s_ready_i
    SLICE_X8Y43          LUT2 (Prop_lut2_I0_O)        0.117     4.643 r  Zynq_interrupt_system_i/ps7_0_axi_periph/xbar/inst/gen_sasd.crossbar_sasd_0/addr_arbiter_inst/s_axi_awready[0]_INST_0/O
                         net (fo=4, routed)           0.625     5.268    Zynq_interrupt_system_i/ps7_0_axi_periph/s00_couplers/auto_pc/inst/gen_axilite.gen_b2s_conv.axilite_b2s/WR.aw_channel_0/aw_cmd_fsm_0/m_axi_awready
    SLICE_X6Y43          LUT6 (Prop_lut6_I3_O)        0.348     5.616 r  Zynq_interrupt_system_i/ps7_0_axi_periph/s00_couplers/auto_pc/inst/gen_axilite.gen_b2s_conv.axilite_b2s/WR.aw_channel_0/aw_cmd_fsm_0/next_pending_r_i_2/O
                         net (fo=24, routed)          0.872     6.488    Zynq_interrupt_system_i/ps7_0_axi_periph/s00_couplers/auto_pc/inst/gen_axilite.gen_b2s_conv.axilite_b2s/WR.aw_channel_0/cmd_translator_0/incr_cmd_0/next
    SLICE_X3Y42          LUT4 (Prop_lut4_I3_O)        0.124     6.612 r  Zynq_interrupt_system_i/ps7_0_axi_periph/s00_couplers/auto_pc/inst/gen_axilite.gen_b2s_conv.axilite_b2s/WR.aw_channel_0/cmd_translator_0/incr_cmd_0/axaddr_incr[3]_i_9/O
                         net (fo=1, routed)           0.000     6.612    Zynq_interrupt_system_i/ps7_0_axi_periph/s00_couplers/auto_pc/inst/gen_axilite.gen_b2s_conv.axilite_b2s/SI_REG/aw.aw_pipe/S[1]
    SLICE_X3Y42          CARRY4 (Prop_carry4_S[1]_CO[3])
                                                      0.550     7.162 r  Zynq_interrupt_system_i/ps7_0_axi_periph/s00_couplers/auto_pc/inst/gen_axilite.gen_b2s_conv.axilite_b2s/SI_REG/aw.aw_pipe/axaddr_incr_reg[3]_i_2/CO[3]
                         net (fo=1, routed)           0.000     7.162    Zynq_interrupt_system_i/ps7_0_axi_periph/s00_couplers/auto_pc/inst/gen_axilite.gen_b2s_conv.axilite_b2s/SI_REG/aw.aw_pipe/axaddr_incr_reg[3]_i_2_n_0
    SLICE_X3Y43          CARRY4 (Prop_carry4_CI_CO[3])
                                                      0.114     7.276 r  Zynq_interrupt_system_i/ps7_0_axi_periph/s00_couplers/auto_pc/inst/gen_axilite.gen_b2s_conv.axilite_b2s/SI_REG/aw.aw_pipe/axaddr_incr_reg[7]_i_2/CO[3]
                         net (fo=1, routed)           0.000     7.276    Zynq_interrupt_system_i/ps7_0_axi_periph/s00_couplers/auto_pc/inst/gen_axilite.gen_b2s_conv.axilite_b2s/SI_REG/aw.aw_pipe/axaddr_incr_reg[7]_i_2_n_0
    SLICE_X3Y44          CARRY4 (Prop_carry4_CI_O[1])
                                                      0.334     7.610 r  Zynq_interrupt_system_i/ps7_0_axi_periph/s00_couplers/auto_pc/inst/gen_axilite.gen_b2s_conv.axilite_b2s/SI_REG/aw.aw_pipe/axaddr_incr_reg[11]_i_3/O[1]
                         net (fo=1, routed)           0.801     8.411    Zynq_interrupt_system_i/ps7_0_axi_periph/s00_couplers/auto_pc/inst/gen_axilite.gen_b2s_conv.axilite_b2s/WR.aw_channel_0/cmd_translator_0/incr_cmd_0/axaddr_incr[9]
    SLICE_X3Y45          LUT3 (Prop_lut3_I0_O)        0.333     8.744 r  Zynq_interrupt_system_i/ps7_0_axi_periph/s00_couplers/auto_pc/inst/gen_axilite.gen_b2s_conv.axilite_b2s/WR.aw_channel_0/cmd_translator_0/incr_cmd_0/axaddr_incr[9]_i_1/O
                         net (fo=1, routed)           0.000     8.744    Zynq_interrupt_system_i/ps7_0_axi_periph/s00_couplers/auto_pc/inst/gen_axilite.gen_b2s_conv.axilite_b2s/WR.aw_channel_0/cmd_translator_0/incr_cmd_0/axaddr_incr[9]_i_1_n_0
    SLICE_X3Y45          FDRE                                         r  Zynq_interrupt_system_i/ps7_0_axi_periph/s00_couplers/auto_pc/inst/gen_axilite.gen_b2s_conv.axilite_b2s/WR.aw_channel_0/cmd_translator_0/incr_cmd_0/axaddr_incr_reg[9]/D
  -------------------------------------------------------------------    -------------------

                         (clock clk_fpga_0 rise edge)
                                                     10.000    10.000 r  
    PS7_X0Y0             PS7                          0.000    10.000 r  Zynq_interrupt_system_i/processing_system7_0/inst/PS7_i/FCLKCLK[0]
                         net (fo=1, routed)           1.101    11.101    Zynq_interrupt_system_i/processing_system7_0/inst/FCLK_CLK_unbuffered[0]
    BUFGCTRL_X0Y0        BUFG (Prop_bufg_I_O)         0.091    11.192 r  Zynq_interrupt_system_i/processing_system7_0/inst/buffer_fclk_clk_0.FCLK_CLK_0_BUFG/O
                         net (fo=1308, routed)        1.551    12.743    Zynq_interrupt_system_i/ps7_0_axi_periph/s00_couplers/auto_pc/inst/gen_axilite.gen_b2s_conv.axilite_b2s/WR.aw_channel_0/cmd_translator_0/incr_cmd_0/aclk
    SLICE_X3Y45          FDRE                                         r  Zynq_interrupt_system_i/ps7_0_axi_periph/s00_couplers/auto_pc/inst/gen_axilite.gen_b2s_conv.axilite_b2s/WR.aw_channel_0/cmd_translator_0/incr_cmd_0/axaddr_incr_reg[9]/C
                         clock pessimism              0.230    12.974    
                         clock uncertainty           -0.154    12.820    
    SLICE_X3Y45          FDRE (Setup_fdre_C_D)        0.075    12.895    Zynq_interrupt_system_i/ps7_0_axi_periph/s00_couplers/auto_pc/inst/gen_axilite.gen_b2s_conv.axilite_b2s/WR.aw_channel_0/cmd_translator_0/incr_cmd_0/axaddr_incr_reg[9]
  -------------------------------------------------------------------
                         required time                         12.895    
                         arrival time                          -8.744    
  -------------------------------------------------------------------
                         slack                                  4.151    





Min Delay Paths
--------------------------------------------------------------------------------------
Slack (MET) :             0.025ns  (arrival time - required time)
  Source:                 Zynq_interrupt_system_i/ps7_0_axi_periph/s00_couplers/auto_pc/inst/gen_axilite.gen_b2s_conv.axilite_b2s/SI_REG/aw.aw_pipe/m_payload_i_reg[22]/C
                            (rising edge-triggered cell FDRE clocked by clk_fpga_0  {rise@0.000ns fall@5.000ns period=10.000ns})
  Destination:            Zynq_interrupt_system_i/ps7_0_axi_periph/xbar/inst/gen_sasd.crossbar_sasd_0/addr_arbiter_inst/gen_no_arbiter.m_amesg_i_reg[23]/D
                            (rising edge-triggered cell FDRE clocked by clk_fpga_0  {rise@0.000ns fall@5.000ns period=10.000ns})
  Path Group:             clk_fpga_0
  Path Type:              Hold (Min at Fast Process Corner)
  Requirement:            0.000ns  (clk_fpga_0 rise@0.000ns - clk_fpga_0 rise@0.000ns)
  Data Path Delay:        0.386ns  (logic 0.227ns (58.748%)  route 0.159ns (41.252%))
  Logic Levels:           1  (LUT4=1)
  Clock Path Skew:        0.270ns (DCD - SCD - CPR)
    Destination Clock Delay (DCD):    1.224ns
    Source Clock Delay      (SCD):    0.925ns
    Clock Pessimism Removal (CPR):    0.029ns

    Location             Delay type                Incr(ns)  Path(ns)    Netlist Resource(s)
  -------------------------------------------------------------------    -------------------
                         (clock clk_fpga_0 rise edge)
                                                      0.000     0.000 r  
    PS7_X0Y0             PS7                          0.000     0.000 r  Zynq_interrupt_system_i/processing_system7_0/inst/PS7_i/FCLKCLK[0]
                         net (fo=1, routed)           0.315     0.315    Zynq_interrupt_system_i/processing_system7_0/inst/FCLK_CLK_unbuffered[0]
    BUFGCTRL_X0Y0        BUFG (Prop_bufg_I_O)         0.026     0.341 r  Zynq_interrupt_system_i/processing_system7_0/inst/buffer_fclk_clk_0.FCLK_CLK_0_BUFG/O
                         net (fo=1308, routed)        0.584     0.925    Zynq_interrupt_system_i/ps7_0_axi_periph/s00_couplers/auto_pc/inst/gen_axilite.gen_b2s_conv.axilite_b2s/SI_REG/aw.aw_pipe/aclk
    SLICE_X2Y50          FDRE                                         r  Zynq_interrupt_system_i/ps7_0_axi_periph/s00_couplers/auto_pc/inst/gen_axilite.gen_b2s_conv.axilite_b2s/SI_REG/aw.aw_pipe/m_payload_i_reg[22]/C
  -------------------------------------------------------------------    -------------------
    SLICE_X2Y50          FDRE (Prop_fdre_C_Q)         0.128     1.053 r  Zynq_interrupt_system_i/ps7_0_axi_periph/s00_couplers/auto_pc/inst/gen_axilite.gen_b2s_conv.axilite_b2s/SI_REG/aw.aw_pipe/m_payload_i_reg[22]/Q
                         net (fo=1, routed)           0.159     1.212    Zynq_interrupt_system_i/ps7_0_axi_periph/xbar/inst/gen_sasd.crossbar_sasd_0/addr_arbiter_inst/s_axi_awaddr[22]
    SLICE_X5Y47          LUT4 (Prop_lut4_I3_O)        0.099     1.311 r  Zynq_interrupt_system_i/ps7_0_axi_periph/xbar/inst/gen_sasd.crossbar_sasd_0/addr_arbiter_inst/gen_no_arbiter.m_amesg_i[23]_i_1/O
                         net (fo=1, routed)           0.000     1.311    Zynq_interrupt_system_i/ps7_0_axi_periph/xbar/inst/gen_sasd.crossbar_sasd_0/addr_arbiter_inst/s_amesg[23]
    SLICE_X5Y47          FDRE                                         r  Zynq_interrupt_system_i/ps7_0_axi_periph/xbar/inst/gen_sasd.crossbar_sasd_0/addr_arbiter_inst/gen_no_arbiter.m_amesg_i_reg[23]/D
  -------------------------------------------------------------------    -------------------

                         (clock clk_fpga_0 rise edge)
                                                      0.000     0.000 r  
    PS7_X0Y0             PS7                          0.000     0.000 r  Zynq_interrupt_system_i/processing_system7_0/inst/PS7_i/FCLKCLK[0]
                         net (fo=1, routed)           0.341     0.341    Zynq_interrupt_system_i/processing_system7_0/inst/FCLK_CLK_unbuffered[0]
    BUFGCTRL_X0Y0        BUFG (Prop_bufg_I_O)         0.029     0.370 r  Zynq_interrupt_system_i/processing_system7_0/inst/buffer_fclk_clk_0.FCLK_CLK_0_BUFG/O
                         net (fo=1308, routed)        0.854     1.224    Zynq_interrupt_system_i/ps7_0_axi_periph/xbar/inst/gen_sasd.crossbar_sasd_0/addr_arbiter_inst/aclk
    SLICE_X5Y47          FDRE                                         r  Zynq_interrupt_system_i/ps7_0_axi_periph/xbar/inst/gen_sasd.crossbar_sasd_0/addr_arbiter_inst/gen_no_arbiter.m_amesg_i_reg[23]/C
                         clock pessimism             -0.029     1.195    
    SLICE_X5Y47          FDRE (Hold_fdre_C_D)         0.091     1.286    Zynq_interrupt_system_i/ps7_0_axi_periph/xbar/inst/gen_sasd.crossbar_sasd_0/addr_arbiter_inst/gen_no_arbiter.m_amesg_i_reg[23]
  -------------------------------------------------------------------
                         required time                         -1.286    
                         arrival time                           1.311    
  -------------------------------------------------------------------
                         slack                                  0.025    

Slack (MET) :             0.033ns  (arrival time - required time)
  Source:                 Zynq_interrupt_system_i/ps7_0_axi_periph/s00_couplers/auto_pc/inst/gen_axilite.gen_b2s_conv.axilite_b2s/SI_REG/aw.aw_pipe/m_payload_i_reg[21]/C
                            (rising edge-triggered cell FDRE clocked by clk_fpga_0  {rise@0.000ns fall@5.000ns period=10.000ns})
  Destination:            Zynq_interrupt_system_i/ps7_0_axi_periph/xbar/inst/gen_sasd.crossbar_sasd_0/addr_arbiter_inst/gen_no_arbiter.m_amesg_i_reg[22]/D
                            (rising edge-triggered cell FDRE clocked by clk_fpga_0  {rise@0.000ns fall@5.000ns period=10.000ns})
  Path Group:             clk_fpga_0
  Path Type:              Hold (Min at Fast Process Corner)
  Requirement:            0.000ns  (clk_fpga_0 rise@0.000ns - clk_fpga_0 rise@0.000ns)
  Data Path Delay:        0.393ns  (logic 0.186ns (47.310%)  route 0.207ns (52.690%))
  Logic Levels:           1  (LUT4=1)
  Clock Path Skew:        0.268ns (DCD - SCD - CPR)
    Destination Clock Delay (DCD):    1.222ns
    Source Clock Delay      (SCD):    0.925ns
    Clock Pessimism Removal (CPR):    0.029ns

    Location             Delay type                Incr(ns)  Path(ns)    Netlist Resource(s)
  -------------------------------------------------------------------    -------------------
                         (clock clk_fpga_0 rise edge)
                                                      0.000     0.000 r  
    PS7_X0Y0             PS7                          0.000     0.000 r  Zynq_interrupt_system_i/processing_system7_0/inst/PS7_i/FCLKCLK[0]
                         net (fo=1, routed)           0.315     0.315    Zynq_interrupt_system_i/processing_system7_0/inst/FCLK_CLK_unbuffered[0]
    BUFGCTRL_X0Y0        BUFG (Prop_bufg_I_O)         0.026     0.341 r  Zynq_interrupt_system_i/processing_system7_0/inst/buffer_fclk_clk_0.FCLK_CLK_0_BUFG/O
                         net (fo=1308, routed)        0.584     0.925    Zynq_interrupt_system_i/ps7_0_axi_periph/s00_couplers/auto_pc/inst/gen_axilite.gen_b2s_conv.axilite_b2s/SI_REG/aw.aw_pipe/aclk
    SLICE_X2Y50          FDRE                                         r  Zynq_interrupt_system_i/ps7_0_axi_periph/s00_couplers/auto_pc/inst/gen_axilite.gen_b2s_conv.axilite_b2s/SI_REG/aw.aw_pipe/m_payload_i_reg[21]/C
  -------------------------------------------------------------------    -------------------
    SLICE_X2Y50          FDRE (Prop_fdre_C_Q)         0.141     1.066 r  Zynq_interrupt_system_i/ps7_0_axi_periph/s00_couplers/auto_pc/inst/gen_axilite.gen_b2s_conv.axilite_b2s/SI_REG/aw.aw_pipe/m_payload_i_reg[21]/Q
                         net (fo=1, routed)           0.207     1.273    Zynq_interrupt_system_i/ps7_0_axi_periph/xbar/inst/gen_sasd.crossbar_sasd_0/addr_arbiter_inst/s_axi_awaddr[21]
    SLICE_X1Y47          LUT4 (Prop_lut4_I3_O)        0.045     1.318 r  Zynq_interrupt_system_i/ps7_0_axi_periph/xbar/inst/gen_sasd.crossbar_sasd_0/addr_arbiter_inst/gen_no_arbiter.m_amesg_i[22]_i_1/O
                         net (fo=1, routed)           0.000     1.318    Zynq_interrupt_system_i/ps7_0_axi_periph/xbar/inst/gen_sasd.crossbar_sasd_0/addr_arbiter_inst/s_amesg[22]
    SLICE_X1Y47          FDRE                                         r  Zynq_interrupt_system_i/ps7_0_axi_periph/xbar/inst/gen_sasd.crossbar_sasd_0/addr_arbiter_inst/gen_no_arbiter.m_amesg_i_reg[22]/D
  -------------------------------------------------------------------    -------------------

                         (clock clk_fpga_0 rise edge)
                                                      0.000     0.000 r  
    PS7_X0Y0             PS7                          0.000     0.000 r  Zynq_interrupt_system_i/processing_system7_0/inst/PS7_i/FCLKCLK[0]
                         net (fo=1, routed)           0.341     0.341    Zynq_interrupt_system_i/processing_system7_0/inst/FCLK_CLK_unbuffered[0]
    BUFGCTRL_X0Y0        BUFG (Prop_bufg_I_O)         0.029     0.370 r  Zynq_interrupt_system_i/processing_system7_0/inst/buffer_fclk_clk_0.FCLK_CLK_0_BUFG/O
                         net (fo=1308, routed)        0.852     1.222    Zynq_interrupt_system_i/ps7_0_axi_periph/xbar/inst/gen_sasd.crossbar_sasd_0/addr_arbiter_inst/aclk
    SLICE_X1Y47          FDRE                                         r  Zynq_interrupt_system_i/ps7_0_axi_periph/xbar/inst/gen_sasd.crossbar_sasd_0/addr_arbiter_inst/gen_no_arbiter.m_amesg_i_reg[22]/C
                         clock pessimism             -0.029     1.193    
    SLICE_X1Y47          FDRE (Hold_fdre_C_D)         0.092     1.285    Zynq_interrupt_system_i/ps7_0_axi_periph/xbar/inst/gen_sasd.crossbar_sasd_0/addr_arbiter_inst/gen_no_arbiter.m_amesg_i_reg[22]
  -------------------------------------------------------------------
                         required time                         -1.285    
                         arrival time                           1.318    
  -------------------------------------------------------------------
                         slack                                  0.033    

Slack (MET) :             0.053ns  (arrival time - required time)
  Source:                 Zynq_interrupt_system_i/axi_gpio_0/U0/bus2ip_reset_reg/C
                            (rising edge-triggered cell FDRE clocked by clk_fpga_0  {rise@0.000ns fall@5.000ns period=10.000ns})
  Destination:            Zynq_interrupt_system_i/axi_gpio_0/U0/AXI_LITE_IPIF_I/I_SLAVE_ATTACHMENT/s_axi_bvalid_i_reg/R
                            (rising edge-triggered cell FDRE clocked by clk_fpga_0  {rise@0.000ns fall@5.000ns period=10.000ns})
  Path Group:             clk_fpga_0
  Path Type:              Hold (Min at Fast Process Corner)
  Requirement:            0.000ns  (clk_fpga_0 rise@0.000ns - clk_fpga_0 rise@0.000ns)
  Data Path Delay:        0.327ns  (logic 0.141ns (43.093%)  route 0.186ns (56.907%))
  Logic Levels:           0  
  Clock Path Skew:        0.265ns (DCD - SCD - CPR)
    Destination Clock Delay (DCD):    1.198ns
    Source Clock Delay      (SCD):    0.899ns
    Clock Pessimism Removal (CPR):    0.034ns

    Location             Delay type                Incr(ns)  Path(ns)    Netlist Resource(s)
  -------------------------------------------------------------------    -------------------
                         (clock clk_fpga_0 rise edge)
                                                      0.000     0.000 r  
    PS7_X0Y0             PS7                          0.000     0.000 r  Zynq_interrupt_system_i/processing_system7_0/inst/PS7_i/FCLKCLK[0]
                         net (fo=1, routed)           0.315     0.315    Zynq_interrupt_system_i/processing_system7_0/inst/FCLK_CLK_unbuffered[0]
    BUFGCTRL_X0Y0        BUFG (Prop_bufg_I_O)         0.026     0.341 r  Zynq_interrupt_system_i/processing_system7_0/inst/buffer_fclk_clk_0.FCLK_CLK_0_BUFG/O
                         net (fo=1308, routed)        0.558     0.899    Zynq_interrupt_system_i/axi_gpio_0/U0/s_axi_aclk
    SLICE_X23Y38         FDRE                                         r  Zynq_interrupt_system_i/axi_gpio_0/U0/bus2ip_reset_reg/C
  -------------------------------------------------------------------    -------------------
    SLICE_X23Y38         FDRE (Prop_fdre_C_Q)         0.141     1.039 r  Zynq_interrupt_system_i/axi_gpio_0/U0/bus2ip_reset_reg/Q
                         net (fo=58, routed)          0.186     1.226    Zynq_interrupt_system_i/axi_gpio_0/U0/AXI_LITE_IPIF_I/I_SLAVE_ATTACHMENT/bus2ip_reset
    SLICE_X20Y38         FDRE                                         r  Zynq_interrupt_system_i/axi_gpio_0/U0/AXI_LITE_IPIF_I/I_SLAVE_ATTACHMENT/s_axi_bvalid_i_reg/R
  -------------------------------------------------------------------    -------------------

                         (clock clk_fpga_0 rise edge)
                                                      0.000     0.000 r  
    PS7_X0Y0             PS7                          0.000     0.000 r  Zynq_interrupt_system_i/processing_system7_0/inst/PS7_i/FCLKCLK[0]
                         net (fo=1, routed)           0.341     0.341    Zynq_interrupt_system_i/processing_system7_0/inst/FCLK_CLK_unbuffered[0]
    BUFGCTRL_X0Y0        BUFG (Prop_bufg_I_O)         0.029     0.370 r  Zynq_interrupt_system_i/processing_system7_0/inst/buffer_fclk_clk_0.FCLK_CLK_0_BUFG/O
                         net (fo=1308, routed)        0.828     1.198    Zynq_interrupt_system_i/axi_gpio_0/U0/AXI_LITE_IPIF_I/I_SLAVE_ATTACHMENT/s_axi_aclk
    SLICE_X20Y38         FDRE                                         r  Zynq_interrupt_system_i/axi_gpio_0/U0/AXI_LITE_IPIF_I/I_SLAVE_ATTACHMENT/s_axi_bvalid_i_reg/C
                         clock pessimism             -0.034     1.164    
    SLICE_X20Y38         FDRE (Hold_fdre_C_R)         0.009     1.173    Zynq_interrupt_system_i/axi_gpio_0/U0/AXI_LITE_IPIF_I/I_SLAVE_ATTACHMENT/s_axi_bvalid_i_reg
  -------------------------------------------------------------------
                         required time                         -1.173    
                         arrival time                           1.226    
  -------------------------------------------------------------------
                         slack                                  0.053    

Slack (MET) :             0.053ns  (arrival time - required time)
  Source:                 Zynq_interrupt_system_i/axi_gpio_0/U0/bus2ip_reset_reg/C
                            (rising edge-triggered cell FDRE clocked by clk_fpga_0  {rise@0.000ns fall@5.000ns period=10.000ns})
  Destination:            Zynq_interrupt_system_i/axi_gpio_0/U0/AXI_LITE_IPIF_I/I_SLAVE_ATTACHMENT/s_axi_rvalid_i_reg/R
                            (rising edge-triggered cell FDRE clocked by clk_fpga_0  {rise@0.000ns fall@5.000ns period=10.000ns})
  Path Group:             clk_fpga_0
  Path Type:              Hold (Min at Fast Process Corner)
  Requirement:            0.000ns  (clk_fpga_0 rise@0.000ns - clk_fpga_0 rise@0.000ns)
  Data Path Delay:        0.327ns  (logic 0.141ns (43.093%)  route 0.186ns (56.907%))
  Logic Levels:           0  
  Clock Path Skew:        0.265ns (DCD - SCD - CPR)
    Destination Clock Delay (DCD):    1.198ns
    Source Clock Delay      (SCD):    0.899ns
    Clock Pessimism Removal (CPR):    0.034ns

    Location             Delay type                Incr(ns)  Path(ns)    Netlist Resource(s)
  -------------------------------------------------------------------    -------------------
                         (clock clk_fpga_0 rise edge)
                                                      0.000     0.000 r  
    PS7_X0Y0             PS7                          0.000     0.000 r  Zynq_interrupt_system_i/processing_system7_0/inst/PS7_i/FCLKCLK[0]
                         net (fo=1, routed)           0.315     0.315    Zynq_interrupt_system_i/processing_system7_0/inst/FCLK_CLK_unbuffered[0]
    BUFGCTRL_X0Y0        BUFG (Prop_bufg_I_O)         0.026     0.341 r  Zynq_interrupt_system_i/processing_system7_0/inst/buffer_fclk_clk_0.FCLK_CLK_0_BUFG/O
                         net (fo=1308, routed)        0.558     0.899    Zynq_interrupt_system_i/axi_gpio_0/U0/s_axi_aclk
    SLICE_X23Y38         FDRE                                         r  Zynq_interrupt_system_i/axi_gpio_0/U0/bus2ip_reset_reg/C
  -------------------------------------------------------------------    -------------------
    SLICE_X23Y38         FDRE (Prop_fdre_C_Q)         0.141     1.039 r  Zynq_interrupt_system_i/axi_gpio_0/U0/bus2ip_reset_reg/Q
                         net (fo=58, routed)          0.186     1.226    Zynq_interrupt_system_i/axi_gpio_0/U0/AXI_LITE_IPIF_I/I_SLAVE_ATTACHMENT/bus2ip_reset
    SLICE_X20Y38         FDRE                                         r  Zynq_interrupt_system_i/axi_gpio_0/U0/AXI_LITE_IPIF_I/I_SLAVE_ATTACHMENT/s_axi_rvalid_i_reg/R
  -------------------------------------------------------------------    -------------------

                         (clock clk_fpga_0 rise edge)
                                                      0.000     0.000 r  
    PS7_X0Y0             PS7                          0.000     0.000 r  Zynq_interrupt_system_i/processing_system7_0/inst/PS7_i/FCLKCLK[0]
                         net (fo=1, routed)           0.341     0.341    Zynq_interrupt_system_i/processing_system7_0/inst/FCLK_CLK_unbuffered[0]
    BUFGCTRL_X0Y0        BUFG (Prop_bufg_I_O)         0.029     0.370 r  Zynq_interrupt_system_i/processing_system7_0/inst/buffer_fclk_clk_0.FCLK_CLK_0_BUFG/O
                         net (fo=1308, routed)        0.828     1.198    Zynq_interrupt_system_i/axi_gpio_0/U0/AXI_LITE_IPIF_I/I_SLAVE_ATTACHMENT/s_axi_aclk
    SLICE_X20Y38         FDRE                                         r  Zynq_interrupt_system_i/axi_gpio_0/U0/AXI_LITE_IPIF_I/I_SLAVE_ATTACHMENT/s_axi_rvalid_i_reg/C
                         clock pessimism             -0.034     1.164    
    SLICE_X20Y38         FDRE (Hold_fdre_C_R)         0.009     1.173    Zynq_interrupt_system_i/axi_gpio_0/U0/AXI_LITE_IPIF_I/I_SLAVE_ATTACHMENT/s_axi_rvalid_i_reg
  -------------------------------------------------------------------
                         required time                         -1.173    
                         arrival time                           1.226    
  -------------------------------------------------------------------
                         slack                                  0.053    

Slack (MET) :             0.053ns  (arrival time - required time)
  Source:                 Zynq_interrupt_system_i/axi_gpio_0/U0/bus2ip_reset_reg/C
                            (rising edge-triggered cell FDRE clocked by clk_fpga_0  {rise@0.000ns fall@5.000ns period=10.000ns})
  Destination:            Zynq_interrupt_system_i/axi_gpio_0/U0/AXI_LITE_IPIF_I/I_SLAVE_ATTACHMENT/state_reg[0]/R
                            (rising edge-triggered cell FDRE clocked by clk_fpga_0  {rise@0.000ns fall@5.000ns period=10.000ns})
  Path Group:             clk_fpga_0
  Path Type:              Hold (Min at Fast Process Corner)
  Requirement:            0.000ns  (clk_fpga_0 rise@0.000ns - clk_fpga_0 rise@0.000ns)
  Data Path Delay:        0.327ns  (logic 0.141ns (43.093%)  route 0.186ns (56.907%))
  Logic Levels:           0  
  Clock Path Skew:        0.265ns (DCD - SCD - CPR)
    Destination Clock Delay (DCD):    1.198ns
    Source Clock Delay      (SCD):    0.899ns
    Clock Pessimism Removal (CPR):    0.034ns

    Location             Delay type                Incr(ns)  Path(ns)    Netlist Resource(s)
  -------------------------------------------------------------------    -------------------
                         (clock clk_fpga_0 rise edge)
                                                      0.000     0.000 r  
    PS7_X0Y0             PS7                          0.000     0.000 r  Zynq_interrupt_system_i/processing_system7_0/inst/PS7_i/FCLKCLK[0]
                         net (fo=1, routed)           0.315     0.315    Zynq_interrupt_system_i/processing_system7_0/inst/FCLK_CLK_unbuffered[0]
    BUFGCTRL_X0Y0        BUFG (Prop_bufg_I_O)         0.026     0.341 r  Zynq_interrupt_system_i/processing_system7_0/inst/buffer_fclk_clk_0.FCLK_CLK_0_BUFG/O
                         net (fo=1308, routed)        0.558     0.899    Zynq_interrupt_system_i/axi_gpio_0/U0/s_axi_aclk
    SLICE_X23Y38         FDRE                                         r  Zynq_interrupt_system_i/axi_gpio_0/U0/bus2ip_reset_reg/C
  -------------------------------------------------------------------    -------------------
    SLICE_X23Y38         FDRE (Prop_fdre_C_Q)         0.141     1.039 r  Zynq_interrupt_system_i/axi_gpio_0/U0/bus2ip_reset_reg/Q
                         net (fo=58, routed)          0.186     1.226    Zynq_interrupt_system_i/axi_gpio_0/U0/AXI_LITE_IPIF_I/I_SLAVE_ATTACHMENT/bus2ip_reset
    SLICE_X20Y38         FDRE                                         r  Zynq_interrupt_system_i/axi_gpio_0/U0/AXI_LITE_IPIF_I/I_SLAVE_ATTACHMENT/state_reg[0]/R
  -------------------------------------------------------------------    -------------------

                         (clock clk_fpga_0 rise edge)
                                                      0.000     0.000 r  
    PS7_X0Y0             PS7                          0.000     0.000 r  Zynq_interrupt_system_i/processing_system7_0/inst/PS7_i/FCLKCLK[0]
                         net (fo=1, routed)           0.341     0.341    Zynq_interrupt_system_i/processing_system7_0/inst/FCLK_CLK_unbuffered[0]
    BUFGCTRL_X0Y0        BUFG (Prop_bufg_I_O)         0.029     0.370 r  Zynq_interrupt_system_i/processing_system7_0/inst/buffer_fclk_clk_0.FCLK_CLK_0_BUFG/O
                         net (fo=1308, routed)        0.828     1.198    Zynq_interrupt_system_i/axi_gpio_0/U0/AXI_LITE_IPIF_I/I_SLAVE_ATTACHMENT/s_axi_aclk
    SLICE_X20Y38         FDRE                                         r  Zynq_interrupt_system_i/axi_gpio_0/U0/AXI_LITE_IPIF_I/I_SLAVE_ATTACHMENT/state_reg[0]/C
                         clock pessimism             -0.034     1.164    
    SLICE_X20Y38         FDRE (Hold_fdre_C_R)         0.009     1.173    Zynq_interrupt_system_i/axi_gpio_0/U0/AXI_LITE_IPIF_I/I_SLAVE_ATTACHMENT/state_reg[0]
  -------------------------------------------------------------------
                         required time                         -1.173    
                         arrival time                           1.226    
  -------------------------------------------------------------------
                         slack                                  0.053    

Slack (MET) :             0.066ns  (arrival time - required time)
  Source:                 Zynq_interrupt_system_i/ps7_0_axi_periph/s00_couplers/auto_pc/inst/gen_axilite.gen_b2s_conv.axilite_b2s/SI_REG/b.b_pipe/m_payload_i_reg[1]/C
                            (rising edge-triggered cell FDRE clocked by clk_fpga_0  {rise@0.000ns fall@5.000ns period=10.000ns})
  Destination:            Zynq_interrupt_system_i/processing_system7_0/inst/PS7_i/MAXIGP0BRESP[1]
                            (rising edge-triggered cell PS7 clocked by clk_fpga_0  {rise@0.000ns fall@5.000ns period=10.000ns})
  Path Group:             clk_fpga_0
  Path Type:              Hold (Min at Fast Process Corner)
  Requirement:            0.000ns  (clk_fpga_0 rise@0.000ns - clk_fpga_0 rise@0.000ns)
  Data Path Delay:        0.321ns  (logic 0.128ns (39.907%)  route 0.193ns (60.093%))
  Logic Levels:           0  
  Clock Path Skew:        0.309ns (DCD - SCD - CPR)
    Destination Clock Delay (DCD):    1.263ns
    Source Clock Delay      (SCD):    0.925ns
    Clock Pessimism Removal (CPR):    0.029ns

    Location             Delay type                Incr(ns)  Path(ns)    Netlist Resource(s)
  -------------------------------------------------------------------    -------------------
                         (clock clk_fpga_0 rise edge)
                                                      0.000     0.000 r  
    PS7_X0Y0             PS7                          0.000     0.000 r  Zynq_interrupt_system_i/processing_system7_0/inst/PS7_i/FCLKCLK[0]
                         net (fo=1, routed)           0.315     0.315    Zynq_interrupt_system_i/processing_system7_0/inst/FCLK_CLK_unbuffered[0]
    BUFGCTRL_X0Y0        BUFG (Prop_bufg_I_O)         0.026     0.341 r  Zynq_interrupt_system_i/processing_system7_0/inst/buffer_fclk_clk_0.FCLK_CLK_0_BUFG/O
                         net (fo=1308, routed)        0.584     0.925    Zynq_interrupt_system_i/ps7_0_axi_periph/s00_couplers/auto_pc/inst/gen_axilite.gen_b2s_conv.axilite_b2s/SI_REG/b.b_pipe/aclk
    SLICE_X3Y50          FDRE                                         r  Zynq_interrupt_system_i/ps7_0_axi_periph/s00_couplers/auto_pc/inst/gen_axilite.gen_b2s_conv.axilite_b2s/SI_REG/b.b_pipe/m_payload_i_reg[1]/C
  -------------------------------------------------------------------    -------------------
    SLICE_X3Y50          FDRE (Prop_fdre_C_Q)         0.128     1.053 r  Zynq_interrupt_system_i/ps7_0_axi_periph/s00_couplers/auto_pc/inst/gen_axilite.gen_b2s_conv.axilite_b2s/SI_REG/b.b_pipe/m_payload_i_reg[1]/Q
                         net (fo=1, routed)           0.193     1.245    Zynq_interrupt_system_i/processing_system7_0/inst/M_AXI_GP0_BRESP[1]
    PS7_X0Y0             PS7                                          r  Zynq_interrupt_system_i/processing_system7_0/inst/PS7_i/MAXIGP0BRESP[1]
  -------------------------------------------------------------------    -------------------

                         (clock clk_fpga_0 rise edge)
                                                      0.000     0.000 r  
    PS7_X0Y0             PS7                          0.000     0.000 r  Zynq_interrupt_system_i/processing_system7_0/inst/PS7_i/FCLKCLK[0]
                         net (fo=1, routed)           0.341     0.341    Zynq_interrupt_system_i/processing_system7_0/inst/FCLK_CLK_unbuffered[0]
    BUFGCTRL_X0Y0        BUFG (Prop_bufg_I_O)         0.029     0.370 r  Zynq_interrupt_system_i/processing_system7_0/inst/buffer_fclk_clk_0.FCLK_CLK_0_BUFG/O
                         net (fo=1308, routed)        0.893     1.263    Zynq_interrupt_system_i/processing_system7_0/inst/M_AXI_GP0_ACLK
    PS7_X0Y0             PS7                                          r  Zynq_interrupt_system_i/processing_system7_0/inst/PS7_i/MAXIGP0ACLK
                         clock pessimism             -0.029     1.234    
    PS7_X0Y0             PS7 (Hold_ps7_MAXIGP0ACLK_MAXIGP0BRESP[1])
                                                     -0.054     1.180    Zynq_interrupt_system_i/processing_system7_0/inst/PS7_i
  -------------------------------------------------------------------
                         required time                         -1.180    
                         arrival time                           1.245    
  -------------------------------------------------------------------
                         slack                                  0.066    

Slack (MET) :             0.080ns  (arrival time - required time)
  Source:                 Zynq_interrupt_system_i/axi_gpio_0/U0/bus2ip_reset_reg/C
                            (rising edge-triggered cell FDRE clocked by clk_fpga_0  {rise@0.000ns fall@5.000ns period=10.000ns})
  Destination:            Zynq_interrupt_system_i/axi_gpio_0/U0/AXI_LITE_IPIF_I/I_SLAVE_ATTACHMENT/bus2ip_addr_i_reg[8]/R
                            (rising edge-triggered cell FDRE clocked by clk_fpga_0  {rise@0.000ns fall@5.000ns period=10.000ns})
  Path Group:             clk_fpga_0
  Path Type:              Hold (Min at Fast Process Corner)
  Requirement:            0.000ns  (clk_fpga_0 rise@0.000ns - clk_fpga_0 rise@0.000ns)
  Data Path Delay:        0.327ns  (logic 0.141ns (43.093%)  route 0.186ns (56.907%))
  Logic Levels:           0  
  Clock Path Skew:        0.265ns (DCD - SCD - CPR)
    Destination Clock Delay (DCD):    1.198ns
    Source Clock Delay      (SCD):    0.899ns
    Clock Pessimism Removal (CPR):    0.034ns

    Location             Delay type                Incr(ns)  Path(ns)    Netlist Resource(s)
  -------------------------------------------------------------------    -------------------
                         (clock clk_fpga_0 rise edge)
                                                      0.000     0.000 r  
    PS7_X0Y0             PS7                          0.000     0.000 r  Zynq_interrupt_system_i/processing_system7_0/inst/PS7_i/FCLKCLK[0]
                         net (fo=1, routed)           0.315     0.315    Zynq_interrupt_system_i/processing_system7_0/inst/FCLK_CLK_unbuffered[0]
    BUFGCTRL_X0Y0        BUFG (Prop_bufg_I_O)         0.026     0.341 r  Zynq_interrupt_system_i/processing_system7_0/inst/buffer_fclk_clk_0.FCLK_CLK_0_BUFG/O
                         net (fo=1308, routed)        0.558     0.899    Zynq_interrupt_system_i/axi_gpio_0/U0/s_axi_aclk
    SLICE_X23Y38         FDRE                                         r  Zynq_interrupt_system_i/axi_gpio_0/U0/bus2ip_reset_reg/C
  -------------------------------------------------------------------    -------------------
    SLICE_X23Y38         FDRE (Prop_fdre_C_Q)         0.141     1.039 r  Zynq_interrupt_system_i/axi_gpio_0/U0/bus2ip_reset_reg/Q
                         net (fo=58, routed)          0.186     1.226    Zynq_interrupt_system_i/axi_gpio_0/U0/AXI_LITE_IPIF_I/I_SLAVE_ATTACHMENT/bus2ip_reset
    SLICE_X21Y38         FDRE                                         r  Zynq_interrupt_system_i/axi_gpio_0/U0/AXI_LITE_IPIF_I/I_SLAVE_ATTACHMENT/bus2ip_addr_i_reg[8]/R
  -------------------------------------------------------------------    -------------------

                         (clock clk_fpga_0 rise edge)
                                                      0.000     0.000 r  
    PS7_X0Y0             PS7                          0.000     0.000 r  Zynq_interrupt_system_i/processing_system7_0/inst/PS7_i/FCLKCLK[0]
                         net (fo=1, routed)           0.341     0.341    Zynq_interrupt_system_i/processing_system7_0/inst/FCLK_CLK_unbuffered[0]
    BUFGCTRL_X0Y0        BUFG (Prop_bufg_I_O)         0.029     0.370 r  Zynq_interrupt_system_i/processing_system7_0/inst/buffer_fclk_clk_0.FCLK_CLK_0_BUFG/O
                         net (fo=1308, routed)        0.828     1.198    Zynq_interrupt_system_i/axi_gpio_0/U0/AXI_LITE_IPIF_I/I_SLAVE_ATTACHMENT/s_axi_aclk
    SLICE_X21Y38         FDRE                                         r  Zynq_interrupt_system_i/axi_gpio_0/U0/AXI_LITE_IPIF_I/I_SLAVE_ATTACHMENT/bus2ip_addr_i_reg[8]/C
                         clock pessimism             -0.034     1.164    
    SLICE_X21Y38         FDRE (Hold_fdre_C_R)        -0.018     1.146    Zynq_interrupt_system_i/axi_gpio_0/U0/AXI_LITE_IPIF_I/I_SLAVE_ATTACHMENT/bus2ip_addr_i_reg[8]
  -------------------------------------------------------------------
                         required time                         -1.146    
                         arrival time                           1.226    
  -------------------------------------------------------------------
                         slack                                  0.080    

Slack (MET) :             0.091ns  (arrival time - required time)
  Source:                 Zynq_interrupt_system_i/rst_ps7_0_100M/U0/EXT_LPF/lpf_int_reg/C
                            (rising edge-triggered cell FDRE clocked by clk_fpga_0  {rise@0.000ns fall@5.000ns period=10.000ns})
  Destination:            Zynq_interrupt_system_i/rst_ps7_0_100M/U0/SEQ/Core_reg/S
                            (rising edge-triggered cell FDSE clocked by clk_fpga_0  {rise@0.000ns fall@5.000ns period=10.000ns})
  Path Group:             clk_fpga_0
  Path Type:              Hold (Min at Fast Process Corner)
  Requirement:            0.000ns  (clk_fpga_0 rise@0.000ns - clk_fpga_0 rise@0.000ns)
  Data Path Delay:        0.370ns  (logic 0.141ns (38.089%)  route 0.229ns (61.911%))
  Logic Levels:           0  
  Clock Path Skew:        0.270ns (DCD - SCD - CPR)
    Destination Clock Delay (DCD):    1.205ns
    Source Clock Delay      (SCD):    0.906ns
    Clock Pessimism Removal (CPR):    0.029ns

    Location             Delay type                Incr(ns)  Path(ns)    Netlist Resource(s)
  -------------------------------------------------------------------    -------------------
                         (clock clk_fpga_0 rise edge)
                                                      0.000     0.000 r  
    PS7_X0Y0             PS7                          0.000     0.000 r  Zynq_interrupt_system_i/processing_system7_0/inst/PS7_i/FCLKCLK[0]
                         net (fo=1, routed)           0.315     0.315    Zynq_interrupt_system_i/processing_system7_0/inst/FCLK_CLK_unbuffered[0]
    BUFGCTRL_X0Y0        BUFG (Prop_bufg_I_O)         0.026     0.341 r  Zynq_interrupt_system_i/processing_system7_0/inst/buffer_fclk_clk_0.FCLK_CLK_0_BUFG/O
                         net (fo=1308, routed)        0.565     0.906    Zynq_interrupt_system_i/rst_ps7_0_100M/U0/EXT_LPF/slowest_sync_clk
    SLICE_X11Y50         FDRE                                         r  Zynq_interrupt_system_i/rst_ps7_0_100M/U0/EXT_LPF/lpf_int_reg/C
  -------------------------------------------------------------------    -------------------
    SLICE_X11Y50         FDRE (Prop_fdre_C_Q)         0.141     1.047 r  Zynq_interrupt_system_i/rst_ps7_0_100M/U0/EXT_LPF/lpf_int_reg/Q
                         net (fo=5, routed)           0.229     1.276    Zynq_interrupt_system_i/rst_ps7_0_100M/U0/SEQ/lpf_int
    SLICE_X12Y49         FDSE                                         r  Zynq_interrupt_system_i/rst_ps7_0_100M/U0/SEQ/Core_reg/S
  -------------------------------------------------------------------    -------------------

                         (clock clk_fpga_0 rise edge)
                                                      0.000     0.000 r  
    PS7_X0Y0             PS7                          0.000     0.000 r  Zynq_interrupt_system_i/processing_system7_0/inst/PS7_i/FCLKCLK[0]
                         net (fo=1, routed)           0.341     0.341    Zynq_interrupt_system_i/processing_system7_0/inst/FCLK_CLK_unbuffered[0]
    BUFGCTRL_X0Y0        BUFG (Prop_bufg_I_O)         0.029     0.370 r  Zynq_interrupt_system_i/processing_system7_0/inst/buffer_fclk_clk_0.FCLK_CLK_0_BUFG/O
                         net (fo=1308, routed)        0.835     1.205    Zynq_interrupt_system_i/rst_ps7_0_100M/U0/SEQ/slowest_sync_clk
    SLICE_X12Y49         FDSE                                         r  Zynq_interrupt_system_i/rst_ps7_0_100M/U0/SEQ/Core_reg/C
                         clock pessimism             -0.029     1.176    
    SLICE_X12Y49         FDSE (Hold_fdse_C_S)         0.009     1.185    Zynq_interrupt_system_i/rst_ps7_0_100M/U0/SEQ/Core_reg
  -------------------------------------------------------------------
                         required time                         -1.185    
                         arrival time                           1.276    
  -------------------------------------------------------------------
                         slack                                  0.091    

Slack (MET) :             0.091ns  (arrival time - required time)
  Source:                 Zynq_interrupt_system_i/rst_ps7_0_100M/U0/EXT_LPF/lpf_int_reg/C
                            (rising edge-triggered cell FDRE clocked by clk_fpga_0  {rise@0.000ns fall@5.000ns period=10.000ns})
  Destination:            Zynq_interrupt_system_i/rst_ps7_0_100M/U0/SEQ/bsr_reg/S
                            (rising edge-triggered cell FDSE clocked by clk_fpga_0  {rise@0.000ns fall@5.000ns period=10.000ns})
  Path Group:             clk_fpga_0
  Path Type:              Hold (Min at Fast Process Corner)
  Requirement:            0.000ns  (clk_fpga_0 rise@0.000ns - clk_fpga_0 rise@0.000ns)
  Data Path Delay:        0.370ns  (logic 0.141ns (38.089%)  route 0.229ns (61.911%))
  Logic Levels:           0  
  Clock Path Skew:        0.270ns (DCD - SCD - CPR)
    Destination Clock Delay (DCD):    1.205ns
    Source Clock Delay      (SCD):    0.906ns
    Clock Pessimism Removal (CPR):    0.029ns

    Location             Delay type                Incr(ns)  Path(ns)    Netlist Resource(s)
  -------------------------------------------------------------------    -------------------
                         (clock clk_fpga_0 rise edge)
                                                      0.000     0.000 r  
    PS7_X0Y0             PS7                          0.000     0.000 r  Zynq_interrupt_system_i/processing_system7_0/inst/PS7_i/FCLKCLK[0]
                         net (fo=1, routed)           0.315     0.315    Zynq_interrupt_system_i/processing_system7_0/inst/FCLK_CLK_unbuffered[0]
    BUFGCTRL_X0Y0        BUFG (Prop_bufg_I_O)         0.026     0.341 r  Zynq_interrupt_system_i/processing_system7_0/inst/buffer_fclk_clk_0.FCLK_CLK_0_BUFG/O
                         net (fo=1308, routed)        0.565     0.906    Zynq_interrupt_system_i/rst_ps7_0_100M/U0/EXT_LPF/slowest_sync_clk
    SLICE_X11Y50         FDRE                                         r  Zynq_interrupt_system_i/rst_ps7_0_100M/U0/EXT_LPF/lpf_int_reg/C
  -------------------------------------------------------------------    -------------------
    SLICE_X11Y50         FDRE (Prop_fdre_C_Q)         0.141     1.047 r  Zynq_interrupt_system_i/rst_ps7_0_100M/U0/EXT_LPF/lpf_int_reg/Q
                         net (fo=5, routed)           0.229     1.276    Zynq_interrupt_system_i/rst_ps7_0_100M/U0/SEQ/lpf_int
    SLICE_X12Y49         FDSE                                         r  Zynq_interrupt_system_i/rst_ps7_0_100M/U0/SEQ/bsr_reg/S
  -------------------------------------------------------------------    -------------------

                         (clock clk_fpga_0 rise edge)
                                                      0.000     0.000 r  
    PS7_X0Y0             PS7                          0.000     0.000 r  Zynq_interrupt_system_i/processing_system7_0/inst/PS7_i/FCLKCLK[0]
                         net (fo=1, routed)           0.341     0.341    Zynq_interrupt_system_i/processing_system7_0/inst/FCLK_CLK_unbuffered[0]
    BUFGCTRL_X0Y0        BUFG (Prop_bufg_I_O)         0.029     0.370 r  Zynq_interrupt_system_i/processing_system7_0/inst/buffer_fclk_clk_0.FCLK_CLK_0_BUFG/O
                         net (fo=1308, routed)        0.835     1.205    Zynq_interrupt_system_i/rst_ps7_0_100M/U0/SEQ/slowest_sync_clk
    SLICE_X12Y49         FDSE                                         r  Zynq_interrupt_system_i/rst_ps7_0_100M/U0/SEQ/bsr_reg/C
                         clock pessimism             -0.029     1.176    
    SLICE_X12Y49         FDSE (Hold_fdse_C_S)         0.009     1.185    Zynq_interrupt_system_i/rst_ps7_0_100M/U0/SEQ/bsr_reg
  -------------------------------------------------------------------
                         required time                         -1.185    
                         arrival time                           1.276    
  -------------------------------------------------------------------
                         slack                                  0.091    

Slack (MET) :             0.091ns  (arrival time - required time)
  Source:                 Zynq_interrupt_system_i/rst_ps7_0_100M/U0/EXT_LPF/lpf_int_reg/C
                            (rising edge-triggered cell FDRE clocked by clk_fpga_0  {rise@0.000ns fall@5.000ns period=10.000ns})
  Destination:            Zynq_interrupt_system_i/rst_ps7_0_100M/U0/SEQ/from_sys_reg/S
                            (rising edge-triggered cell FDSE clocked by clk_fpga_0  {rise@0.000ns fall@5.000ns period=10.000ns})
  Path Group:             clk_fpga_0
  Path Type:              Hold (Min at Fast Process Corner)
  Requirement:            0.000ns  (clk_fpga_0 rise@0.000ns - clk_fpga_0 rise@0.000ns)
  Data Path Delay:        0.370ns  (logic 0.141ns (38.089%)  route 0.229ns (61.911%))
  Logic Levels:           0  
  Clock Path Skew:        0.270ns (DCD - SCD - CPR)
    Destination Clock Delay (DCD):    1.205ns
    Source Clock Delay      (SCD):    0.906ns
    Clock Pessimism Removal (CPR):    0.029ns

    Location             Delay type                Incr(ns)  Path(ns)    Netlist Resource(s)
  -------------------------------------------------------------------    -------------------
                         (clock clk_fpga_0 rise edge)
                                                      0.000     0.000 r  
    PS7_X0Y0             PS7                          0.000     0.000 r  Zynq_interrupt_system_i/processing_system7_0/inst/PS7_i/FCLKCLK[0]
                         net (fo=1, routed)           0.315     0.315    Zynq_interrupt_system_i/processing_system7_0/inst/FCLK_CLK_unbuffered[0]
    BUFGCTRL_X0Y0        BUFG (Prop_bufg_I_O)         0.026     0.341 r  Zynq_interrupt_system_i/processing_system7_0/inst/buffer_fclk_clk_0.FCLK_CLK_0_BUFG/O
                         net (fo=1308, routed)        0.565     0.906    Zynq_interrupt_system_i/rst_ps7_0_100M/U0/EXT_LPF/slowest_sync_clk
    SLICE_X11Y50         FDRE                                         r  Zynq_interrupt_system_i/rst_ps7_0_100M/U0/EXT_LPF/lpf_int_reg/C
  -------------------------------------------------------------------    -------------------
    SLICE_X11Y50         FDRE (Prop_fdre_C_Q)         0.141     1.047 r  Zynq_interrupt_system_i/rst_ps7_0_100M/U0/EXT_LPF/lpf_int_reg/Q
                         net (fo=5, routed)           0.229     1.276    Zynq_interrupt_system_i/rst_ps7_0_100M/U0/SEQ/lpf_int
    SLICE_X12Y49         FDSE                                         r  Zynq_interrupt_system_i/rst_ps7_0_100M/U0/SEQ/from_sys_reg/S
  -------------------------------------------------------------------    -------------------

                         (clock clk_fpga_0 rise edge)
                                                      0.000     0.000 r  
    PS7_X0Y0             PS7                          0.000     0.000 r  Zynq_interrupt_system_i/processing_system7_0/inst/PS7_i/FCLKCLK[0]
                         net (fo=1, routed)           0.341     0.341    Zynq_interrupt_system_i/processing_system7_0/inst/FCLK_CLK_unbuffered[0]
    BUFGCTRL_X0Y0        BUFG (Prop_bufg_I_O)         0.029     0.370 r  Zynq_interrupt_system_i/processing_system7_0/inst/buffer_fclk_clk_0.FCLK_CLK_0_BUFG/O
                         net (fo=1308, routed)        0.835     1.205    Zynq_interrupt_system_i/rst_ps7_0_100M/U0/SEQ/slowest_sync_clk
    SLICE_X12Y49         FDSE                                         r  Zynq_interrupt_system_i/rst_ps7_0_100M/U0/SEQ/from_sys_reg/C
                         clock pessimism             -0.029     1.176    
    SLICE_X12Y49         FDSE (Hold_fdse_C_S)         0.009     1.185    Zynq_interrupt_system_i/rst_ps7_0_100M/U0/SEQ/from_sys_reg
  -------------------------------------------------------------------
                         required time                         -1.185    
                         arrival time                           1.276    
  -------------------------------------------------------------------
                         slack                                  0.091    





Pulse Width Checks
--------------------------------------------------------------------------------------
Clock Name:         clk_fpga_0
Waveform(ns):       { 0.000 5.000 }
Period(ns):         10.000
Sources:            { Zynq_interrupt_system_i/processing_system7_0/inst/PS7_i/FCLKCLK[0] }

Check Type        Corner  Lib Pin      Reference Pin  Required(ns)  Actual(ns)  Slack(ns)  Location       Pin
Min Period        n/a     BUFG/I       n/a            2.155         10.000      7.845      BUFGCTRL_X0Y0  Zynq_interrupt_system_i/processing_system7_0/inst/buffer_fclk_clk_0.FCLK_CLK_0_BUFG/I
Min Period        n/a     FDSE/C       n/a            1.000         10.000      9.000      SLICE_X20Y39   Zynq_interrupt_system_i/axi_gpio_0/U0/AXI_LITE_IPIF_I/I_SLAVE_ATTACHMENT/FSM_onehot_state_reg[0]/C
Min Period        n/a     FDRE/C       n/a            1.000         10.000      9.000      SLICE_X20Y36   Zynq_interrupt_system_i/axi_gpio_0/U0/AXI_LITE_IPIF_I/I_SLAVE_ATTACHMENT/FSM_onehot_state_reg[1]/C
Min Period        n/a     FDRE/C       n/a            1.000         10.000      9.000      SLICE_X20Y37   Zynq_interrupt_system_i/axi_gpio_0/U0/AXI_LITE_IPIF_I/I_SLAVE_ATTACHMENT/FSM_onehot_state_reg[2]/C
Min Period        n/a     FDRE/C       n/a            1.000         10.000      9.000      SLICE_X20Y37   Zynq_interrupt_system_i/axi_gpio_0/U0/AXI_LITE_IPIF_I/I_SLAVE_ATTACHMENT/FSM_onehot_state_reg[3]/C
Min Period        n/a     FDRE/C       n/a            1.000         10.000      9.000      SLICE_X19Y37   Zynq_interrupt_system_i/axi_gpio_0/U0/AXI_LITE_IPIF_I/I_SLAVE_ATTACHMENT/INCLUDE_DPHASE_TIMER.dpto_cnt_reg[0]/C
Min Period        n/a     FDRE/C       n/a            1.000         10.000      9.000      SLICE_X19Y37   Zynq_interrupt_system_i/axi_gpio_0/U0/AXI_LITE_IPIF_I/I_SLAVE_ATTACHMENT/INCLUDE_DPHASE_TIMER.dpto_cnt_reg[1]/C
Min Period        n/a     FDRE/C       n/a            1.000         10.000      9.000      SLICE_X19Y37   Zynq_interrupt_system_i/axi_gpio_0/U0/AXI_LITE_IPIF_I/I_SLAVE_ATTACHMENT/INCLUDE_DPHASE_TIMER.dpto_cnt_reg[2]/C
Min Period        n/a     FDRE/C       n/a            1.000         10.000      9.000      SLICE_X19Y37   Zynq_interrupt_system_i/axi_gpio_0/U0/AXI_LITE_IPIF_I/I_SLAVE_ATTACHMENT/INCLUDE_DPHASE_TIMER.dpto_cnt_reg[3]/C
Min Period        n/a     FDRE/C       n/a            1.000         10.000      9.000      SLICE_X17Y33   Zynq_interrupt_system_i/axi_gpio_0/U0/AXI_LITE_IPIF_I/I_SLAVE_ATTACHMENT/I_DECODER/Bus_RNW_reg_reg/C
Low Pulse Width   Slow    SRL16E/CLK   n/a            0.980         5.000       4.020      SLICE_X8Y50    Zynq_interrupt_system_i/ps7_0_axi_periph/s00_couplers/auto_pc/inst/gen_axilite.gen_b2s_conv.axilite_b2s/WR.b_channel_0/bid_fifo_0/memory_reg[3][0]_srl4/CLK
Low Pulse Width   Fast    SRL16E/CLK   n/a            0.980         5.000       4.020      SLICE_X4Y49    Zynq_interrupt_system_i/ps7_0_axi_periph/s00_couplers/auto_pc/inst/gen_axilite.gen_b2s_conv.axilite_b2s/WR.b_channel_0/bid_fifo_0/memory_reg[3][10]_srl4/CLK
Low Pulse Width   Fast    SRL16E/CLK   n/a            0.980         5.000       4.020      SLICE_X4Y49    Zynq_interrupt_system_i/ps7_0_axi_periph/s00_couplers/auto_pc/inst/gen_axilite.gen_b2s_conv.axilite_b2s/WR.b_channel_0/bid_fifo_0/memory_reg[3][11]_srl4/CLK
Low Pulse Width   Slow    SRL16E/CLK   n/a            0.980         5.000       4.020      SLICE_X4Y51    Zynq_interrupt_system_i/ps7_0_axi_periph/s00_couplers/auto_pc/inst/gen_axilite.gen_b2s_conv.axilite_b2s/WR.b_channel_0/bid_fifo_0/memory_reg[3][12]_srl4/CLK
Low Pulse Width   Slow    SRL16E/CLK   n/a            0.980         5.000       4.020      SLICE_X4Y51    Zynq_interrupt_system_i/ps7_0_axi_periph/s00_couplers/auto_pc/inst/gen_axilite.gen_b2s_conv.axilite_b2s/WR.b_channel_0/bid_fifo_0/memory_reg[3][13]_srl4/CLK
Low Pulse Width   Slow    SRL16E/CLK   n/a            0.980         5.000       4.020      SLICE_X4Y51    Zynq_interrupt_system_i/ps7_0_axi_periph/s00_couplers/auto_pc/inst/gen_axilite.gen_b2s_conv.axilite_b2s/WR.b_channel_0/bid_fifo_0/memory_reg[3][14]_srl4/CLK
Low Pulse Width   Fast    SRLC32E/CLK  n/a            0.980         5.000       4.020      SLICE_X8Y41    Zynq_interrupt_system_i/ps7_0_axi_periph/s00_couplers/auto_pc/inst/gen_axilite.gen_b2s_conv.axilite_b2s/RD.r_channel_0/rd_data_fifo_0/memory_reg[31][11]_srl32/CLK
Low Pulse Width   Fast    SRLC32E/CLK  n/a            0.980         5.000       4.020      SLICE_X8Y42    Zynq_interrupt_system_i/ps7_0_axi_periph/s00_couplers/auto_pc/inst/gen_axilite.gen_b2s_conv.axilite_b2s/RD.r_channel_0/rd_data_fifo_0/memory_reg[31][12]_srl32/CLK
Low Pulse Width   Fast    SRLC32E/CLK  n/a            0.980         5.000       4.020      SLICE_X8Y42    Zynq_interrupt_system_i/ps7_0_axi_periph/s00_couplers/auto_pc/inst/gen_axilite.gen_b2s_conv.axilite_b2s/RD.r_channel_0/rd_data_fifo_0/memory_reg[31][13]_srl32/CLK
Low Pulse Width   Fast    SRLC32E/CLK  n/a            0.980         5.000       4.020      SLICE_X8Y42    Zynq_interrupt_system_i/ps7_0_axi_periph/s00_couplers/auto_pc/inst/gen_axilite.gen_b2s_conv.axilite_b2s/RD.r_channel_0/rd_data_fifo_0/memory_reg[31][14]_srl32/CLK
High Pulse Width  Slow    SRL16E/CLK   n/a            0.980         5.000       4.020      SLICE_X4Y49    Zynq_interrupt_system_i/ps7_0_axi_periph/s00_couplers/auto_pc/inst/gen_axilite.gen_b2s_conv.axilite_b2s/WR.b_channel_0/bid_fifo_0/memory_reg[3][10]_srl4/CLK
High Pulse Width  Slow    SRL16E/CLK   n/a            0.980         5.000       4.020      SLICE_X4Y49    Zynq_interrupt_system_i/ps7_0_axi_periph/s00_couplers/auto_pc/inst/gen_axilite.gen_b2s_conv.axilite_b2s/WR.b_channel_0/bid_fifo_0/memory_reg[3][11]_srl4/CLK
High Pulse Width  Slow    SRLC32E/CLK  n/a            0.980         5.000       4.020      SLICE_X8Y38    Zynq_interrupt_system_i/ps7_0_axi_periph/s00_couplers/auto_pc/inst/gen_axilite.gen_b2s_conv.axilite_b2s/RD.r_channel_0/rd_data_fifo_0/memory_reg[31][0]_srl32/CLK
High Pulse Width  Fast    SRLC32E/CLK  n/a            0.980         5.000       4.020      SLICE_X8Y38    Zynq_interrupt_system_i/ps7_0_axi_periph/s00_couplers/auto_pc/inst/gen_axilite.gen_b2s_conv.axilite_b2s/RD.r_channel_0/rd_data_fifo_0/memory_reg[31][0]_srl32/CLK
High Pulse Width  Slow    SRLC32E/CLK  n/a            0.980         5.000       4.020      SLICE_X8Y39    Zynq_interrupt_system_i/ps7_0_axi_periph/s00_couplers/auto_pc/inst/gen_axilite.gen_b2s_conv.axilite_b2s/RD.r_channel_0/rd_data_fifo_0/memory_reg[31][10]_srl32/CLK
High Pulse Width  Fast    SRLC32E/CLK  n/a            0.980         5.000       4.020      SLICE_X8Y39    Zynq_interrupt_system_i/ps7_0_axi_periph/s00_couplers/auto_pc/inst/gen_axilite.gen_b2s_conv.axilite_b2s/RD.r_channel_0/rd_data_fifo_0/memory_reg[31][10]_srl32/CLK
High Pulse Width  Slow    SRLC32E/CLK  n/a            0.980         5.000       4.020      SLICE_X8Y41    Zynq_interrupt_system_i/ps7_0_axi_periph/s00_couplers/auto_pc/inst/gen_axilite.gen_b2s_conv.axilite_b2s/RD.r_channel_0/rd_data_fifo_0/memory_reg[31][11]_srl32/CLK
High Pulse Width  Slow    SRLC32E/CLK  n/a            0.980         5.000       4.020      SLICE_X8Y42    Zynq_interrupt_system_i/ps7_0_axi_periph/s00_couplers/auto_pc/inst/gen_axilite.gen_b2s_conv.axilite_b2s/RD.r_channel_0/rd_data_fifo_0/memory_reg[31][12]_srl32/CLK
High Pulse Width  Slow    SRLC32E/CLK  n/a            0.980         5.000       4.020      SLICE_X8Y42    Zynq_interrupt_system_i/ps7_0_axi_periph/s00_couplers/auto_pc/inst/gen_axilite.gen_b2s_conv.axilite_b2s/RD.r_channel_0/rd_data_fifo_0/memory_reg[31][13]_srl32/CLK
High Pulse Width  Slow    SRLC32E/CLK  n/a            0.980         5.000       4.020      SLICE_X8Y42    Zynq_interrupt_system_i/ps7_0_axi_periph/s00_couplers/auto_pc/inst/gen_axilite.gen_b2s_conv.axilite_b2s/RD.r_channel_0/rd_data_fifo_0/memory_reg[31][14]_srl32/CLK



